entry_date,ticker,sector,lgbm_prob,entry_price,exit_price,exit_date,exit_day,reason,pnl_gross,pnl_net,rule
2017-04-11,086900,바이오,0.6194271662206375,382669.0,384965.0,2017-04-19,5,time_exit,0.005999963414857226,0.0018999634148572269,A
2017-04-25,086060,제약,0.6915654437189324,5380.0,5390.0,2017-05-08,5,time_exit,0.0018587360594795538,-0.0022412639405204457,A
2017-05-10,154030,바이오,0.5586734121813487,4500.0,4690.0,2017-05-18,5,time_exit,0.042222222222222223,0.038122222222222224,A
2017-05-19,208640,게임,0.6970392618501503,1350.0,1282.5,2017-05-29,5,stop_loss,-0.05,-0.0541,A
2017-05-31,047810,방산,0.6274337736615972,63400.0,63600.0,2017-06-09,5,time_exit,0.0031545741324921135,-0.000945425867507886,A
2017-06-12,900140,자동차,0.8060911090440506,3236.0,3074.2,2017-06-15,2,stop_loss,-0.05000000000000006,-0.05410000000000006,A
2017-06-20,032820,방산,0.6289196465039559,613.0,582.35,2017-06-22,1,stop_loss,-0.04999999999999996,-0.05409999999999996,A
2017-06-23,148780,소프트웨어,0.6476145475086262,24200.0,23300.0,2017-07-03,5,time_exit,-0.0371900826446281,-0.0412900826446281,A
2017-07-05,060240,조선,0.5827842927307441,114358.0,108640.09999999999,2017-07-13,5,stop_loss,-0.05000000000000008,-0.05410000000000008,A
2017-07-14,003620,자동차,0.7563669121719321,32142.0,32652.0,2017-07-24,5,time_exit,0.015867089789061043,0.011767089789061044,A
2017-07-28,014940,조선,0.6770663080896949,1350.0,1282.5,2017-07-31,0,stop_loss,-0.05,-0.0541,A
2017-08-01,094860,게임,0.5964739331636425,2385.0,2340.0,2017-08-09,5,time_exit,-0.018867924528301886,-0.022967924528301886,A
2017-08-11,061970,반도체,0.8355305101823078,2400.0,2640.0,2017-08-22,5,take_profit,0.1,0.09590000000000001,A
2017-08-23,005385,자동차,0.6463502747175377,99500.0,96400.0,2017-08-31,5,time_exit,-0.031155778894472363,-0.03525577889447236,A
2017-09-05,011000,바이오,0.7676801209816712,3383.0,3213.85,2017-09-08,2,stop_loss,-0.050000000000000024,-0.05410000000000002,A
2017-09-11,005385,자동차,0.7845427604723155,91600.0,87020.0,2017-09-15,3,stop_loss,-0.05,-0.0541,A
2017-09-18,005385,자동차,0.5699889498699283,90000.0,93400.0,2017-09-26,5,time_exit,0.03777777777777778,0.03367777777777778,A
2017-09-27,230980,방산,0.9065710225674697,1102.0,1162.0,2017-10-13,5,time_exit,0.0544464609800363,0.0503464609800363,A
2017-10-16,900140,자동차,0.7535781213083964,2484.0,2623.0,2017-10-24,5,time_exit,0.055958132045088566,0.051858132045088566,A
2017-10-25,086900,바이오,0.7663663769538803,344552.0,327324.39999999997,2017-10-26,0,stop_loss,-0.0500000000000001,-0.0541000000000001,A
2017-10-27,086900,바이오,0.8039328286233566,336883.0,320038.85,2017-11-02,3,stop_loss,-0.05000000000000007,-0.05410000000000007,A
2017-11-03,900140,자동차,0.772023626269563,2581.0,2681.0,2017-11-13,5,time_exit,0.03874467260751647,0.03464467260751647,A
2017-11-14,079550,방산,0.6246789361342884,57800.0,59400.0,2017-11-22,5,time_exit,0.02768166089965398,0.02358166089965398,A
2017-11-28,221840,방산,0.5807011115751627,7680.0,7860.0,2017-12-06,5,time_exit,0.0234375,0.0193375,A
2017-12-07,079550,방산,0.6082933574552455,56100.0,57800.0,2017-12-15,5,time_exit,0.030303030303030304,0.026203030303030304,A
2017-12-18,075580,조선,0.5742499335964895,1886.0,1880.0,2017-12-27,5,time_exit,-0.003181336161187699,-0.007281336161187698,A
2018-01-03,101000,조선,0.658291657447531,8146.0,7738.7,2018-01-04,0,stop_loss,-0.050000000000000024,-0.05410000000000002,A
2018-01-08,097800,반도체,0.5852935592440731,852.0,833.0,2018-01-16,5,time_exit,-0.022300469483568074,-0.026400469483568074,A
2018-01-19,001390,자동차,0.5975517857557603,5460.0,5187.0,2018-01-26,4,stop_loss,-0.05,-0.0541,A
2018-01-29,000040,자동차,0.5676061861578818,7286.0,6921.7,2018-02-05,4,stop_loss,-0.050000000000000024,-0.05410000000000002,A
2018-02-06,064290,반도체,0.8511608292149287,4345.0,4127.75,2018-02-07,0,stop_loss,-0.05,-0.0541,A
2018-02-08,086960,소프트웨어,0.6508094100939399,4704.0,4468.8,2018-02-12,1,stop_loss,-0.04999999999999996,-0.05409999999999996,A
2018-02-13,005387,자동차,0.8565413471759991,94500.0,96100.0,2018-02-23,5,time_exit,0.016931216931216932,0.012831216931216933,A
2018-02-28,036570,게임,0.6082874778709357,370000.0,392500.0,2018-03-09,5,time_exit,0.060810810810810814,0.056710810810810815,A
2018-03-12,201490,게임,0.6314659107765558,9330.0,8863.5,2018-03-20,5,stop_loss,-0.05,-0.0541,A
2018-03-21,065450,방산,0.5715201707294789,3165.0,3006.75,2018-03-22,0,stop_loss,-0.05,-0.0541,A
2018-03-23,014940,조선,0.6714254255863411,1020.0,1035.0,2018-04-02,5,time_exit,0.014705882352941176,0.010605882352941177,A
2018-04-03,101000,조선,0.7340274615181852,5356.0,5088.2,2018-04-06,2,stop_loss,-0.05000000000000003,-0.05410000000000003,A
2018-04-09,065570,조선,0.6360427682607318,7530.0,7530.0,2018-04-17,5,time_exit,0.0,-0.0040999999999999995,A
2018-04-18,005870,방산,0.5827572702981108,12150.0,11542.5,2018-04-23,2,stop_loss,-0.05,-0.0541,A
2018-04-25,114450,제약,0.6502597150207389,5722.0,5435.9,2018-04-30,2,stop_loss,-0.050000000000000065,-0.054100000000000065,A
2018-05-02,099320,방산,0.6486022109988405,14788.0,15620.0,2018-05-11,5,time_exit,0.05626183391939411,0.05216183391939411,A
2018-05-14,036570,게임,0.5824073619819949,334000.0,367400.00000000006,2018-05-16,1,take_profit,0.10000000000000017,0.09590000000000018,A
2018-05-17,085310,조선,0.6242336825829864,2095.0,1990.25,2018-05-25,4,stop_loss,-0.05,-0.0541,A
2018-05-28,145020,바이오,0.6513286293610597,160958.0,162118.0,2018-06-05,5,time_exit,0.0072068489916624215,0.003106848991662422,A
2018-06-07,036570,게임,0.6879269458859094,355000.0,357000.0,2018-06-18,5,time_exit,0.005633802816901409,0.0015338028169014093,A
2018-06-19,016670,소프트웨어,0.566217885292307,36517.0,34691.15,2018-06-27,5,stop_loss,-0.04999999999999996,-0.05409999999999996,A
2018-06-29,103230,조선,0.6385869485570104,12700.0,12065.0,2018-07-02,0,stop_loss,-0.05,-0.0541,A
2018-07-03,054540,조선,0.6125407790585874,3850.0,3880.0,2018-07-11,5,time_exit,0.007792207792207792,0.0036922077922077927,A
2018-07-12,077970,조선,0.6005734663813995,10350.0,9832.5,2018-07-18,3,stop_loss,-0.05,-0.0541,A
2018-07-19,230980,방산,0.6136359788300503,1150.0,1204.0,2018-07-27,5,time_exit,0.04695652173913043,0.04285652173913043,A
2018-08-02,253450,엔터,0.565130966387741,100000.0,95000.0,2018-08-06,1,stop_loss,-0.05,-0.0541,A
2018-08-09,005870,방산,0.6118744528944244,9260.0,8797.0,2018-08-13,1,stop_loss,-0.05,-0.0541,A
2018-08-14,151860,자동차,0.6532341943876842,3830.0,3995.0,2018-08-23,5,time_exit,0.04308093994778068,0.03898093994778068,A
2018-08-24,080580,반도체,0.5624953820602281,1725.0,1700.0,2018-09-03,5,time_exit,-0.014492753623188406,-0.018592753623188407,A
2018-09-06,251270,게임,0.6296484495414704,115000.0,116000.0,2018-09-14,5,time_exit,0.008695652173913044,0.004595652173913044,A
2018-09-17,197140,소프트웨어,0.5615430454760538,5261.0,5787.1,2018-09-19,1,take_profit,0.10000000000000007,0.09590000000000007,A
2018-10-01,192080,게임,0.6207555644056116,58092.0,55187.399999999994,2018-10-11,5,stop_loss,-0.0500000000000001,-0.0541000000000001,A
2018-10-12,032820,방산,0.8652910920381205,1345.0,1479.5000000000002,2018-10-18,3,take_profit,0.10000000000000017,0.09590000000000018,A
2018-10-19,086900,바이오,0.7932987671869671,376421.0,357599.95,2018-10-23,1,stop_loss,-0.04999999999999997,-0.05409999999999997,A
2018-10-25,010820,방산,0.9417003396566833,3505.0,3329.75,2018-10-26,0,stop_loss,-0.05,-0.0541,A
2018-10-29,032820,방산,0.9049879110505326,850.0,935.0000000000001,2018-10-30,0,take_profit,0.10000000000000013,0.09590000000000012,A
2018-10-31,215090,방산,0.6603486391542093,9840.0,10824.0,2018-11-01,0,take_profit,0.1,0.09590000000000001,A
2018-11-02,035460,방산,0.62121796861164,2150.0,2150.0,2018-11-12,5,time_exit,0.0,-0.0040999999999999995,A
2018-11-13,200350,엔터,0.6888515707754655,1275.0,1402.5,2018-11-14,0,take_profit,0.1,0.09590000000000001,A
2018-11-15,010820,방산,0.6646155008848458,3170.0,3090.0,2018-11-23,5,time_exit,-0.025236593059936908,-0.029336593059936907,A
2018-11-26,002630,바이오,0.7526423611594241,1525.0,1448.75,2018-11-28,1,stop_loss,-0.05,-0.0541,A
2018-11-29,002630,바이오,0.5529615774911918,1446.0,1373.7,2018-12-06,4,stop_loss,-0.04999999999999997,-0.05409999999999997,A
2018-12-07,208640,게임,0.6396448293095677,1094.0,1039.3,2018-12-10,0,stop_loss,-0.050000000000000044,-0.054100000000000044,A
2018-12-11,109960,제약,0.6609731640460298,759.0,721.05,2018-12-17,3,stop_loss,-0.05000000000000006,-0.05410000000000006,A
2018-12-18,185490,바이오,0.6491961328639855,9525.0,9048.75,2018-12-21,2,stop_loss,-0.05,-0.0541,A
2018-12-24,058970,소프트웨어,0.669781925142898,1905.0,2095.5,2018-12-26,0,take_profit,0.1,0.09590000000000001,A
2018-12-27,230980,방산,0.5937688478445508,1403.0,1431.0,2019-01-08,5,time_exit,0.019957234497505347,0.015857234497505347,A
2019-01-09,185490,바이오,0.5658140469642308,9391.0,8921.449999999999,2019-01-10,0,stop_loss,-0.050000000000000114,-0.05410000000000011,A
2019-01-11,049470,소프트웨어,0.5797321736813604,968.0,988.0,2019-01-21,5,time_exit,0.02066115702479339,0.01656115702479339,A
2019-01-22,900140,자동차,0.6084868684072756,1589.0,1556.0,2019-01-30,5,time_exit,-0.02076777847702958,-0.02486777847702958,A
2019-01-31,900140,자동차,0.5837853213763273,1549.0,1703.9,2019-02-11,3,take_profit,0.10000000000000006,0.09590000000000007,A
2019-02-14,160550,엔터,0.5745476000380035,4660.0,5126.0,2019-02-22,5,take_profit,0.1,0.09590000000000001,A
2019-02-25,900140,자동차,0.7682511278689819,1677.0,1593.1499999999999,2019-03-04,3,stop_loss,-0.05000000000000008,-0.05410000000000008,A
2019-03-05,084990,바이오,0.6140523185486678,162112.0,154006.4,2019-03-07,1,stop_loss,-0.05000000000000004,-0.05410000000000004,A
2019-03-12,012170,엔터,0.5880169209527759,6659.0,6326.049999999999,2019-03-19,4,stop_loss,-0.05000000000000011,-0.054100000000000106,A
2019-03-20,012510,소프트웨어,0.5923672796827847,46000.0,45500.0,2019-03-28,5,time_exit,-0.010869565217391304,-0.014969565217391304,A
2019-04-01,151860,자동차,0.5977634687838169,3900.0,3705.0,2019-04-03,1,stop_loss,-0.05,-0.0541,A
2019-04-04,166480,바이오,0.7281115181796858,11371.0,11329.0,2019-04-12,5,time_exit,-0.003693606542960162,-0.007793606542960161,A
2019-04-15,214430,방산,0.5513333871739394,22300.0,22150.0,2019-04-23,5,time_exit,-0.006726457399103139,-0.010826457399103139,A
2019-04-25,148780,소프트웨어,0.5586887206364984,2995.0,2845.25,2019-04-26,0,stop_loss,-0.05,-0.0541,A
2019-04-30,054180,조선,0.5540940986513518,189046.0,179593.69999999998,2019-05-07,2,stop_loss,-0.05000000000000009,-0.05410000000000009,A
2019-05-09,064350,방산,0.8124720575923577,19500.0,18525.0,2019-05-14,2,stop_loss,-0.05,-0.0541,A
2019-05-15,064350,방산,0.8423616182275533,19450.0,19100.0,2019-05-23,5,time_exit,-0.017994858611825194,-0.022094858611825193,A
2019-05-24,166480,바이오,0.6357995340846272,9105.0,10015.5,2019-05-27,0,take_profit,0.1,0.09590000000000001,A
2019-05-28,208640,게임,0.6157069797082011,959.0,911.05,2019-05-29,0,stop_loss,-0.050000000000000044,-0.054100000000000044,A
2019-05-30,208640,게임,0.7139797935914635,955.0,907.25,2019-06-03,1,stop_loss,-0.05,-0.0541,A
2019-06-04,082740,조선,0.6842296165784401,2995.0,3122.0,2019-06-13,5,time_exit,0.04240400667779633,0.03830400667779633,A
2019-06-14,037270,엔터,0.742928045769476,1460.0,1387.0,2019-06-17,0,stop_loss,-0.05,-0.0541,A
2019-06-18,084990,바이오,0.5718841550455154,99748.0,109722.8,2019-06-26,5,take_profit,0.10000000000000003,0.09590000000000004,A
2019-06-27,208640,게임,0.5911982393787101,1015.0,964.25,2019-07-01,1,stop_loss,-0.05,-0.0541,A
2019-07-02,208640,게임,0.5983534282682711,911.0,865.4499999999999,2019-07-08,3,stop_loss,-0.05000000000000007,-0.05410000000000007,A
2019-07-09,185490,바이오,0.7392067901299454,6213.0,6834.3,2019-07-10,0,take_profit,0.10000000000000003,0.09590000000000004,A
2019-07-11,215090,방산,0.7605179648458206,17515.0,16639.25,2019-07-12,0,stop_loss,-0.05,-0.0541,A
2019-07-15,215090,방산,0.6649778406735363,14915.0,14169.25,2019-07-16,0,stop_loss,-0.05,-0.0541,A
2019-07-17,035460,방산,0.6118626557088848,2575.0,2446.25,2019-07-25,5,stop_loss,-0.05,-0.0541,A
2019-07-26,215090,방산,0.7576838871017392,13980.0,13281.0,2019-07-29,0,stop_loss,-0.05,-0.0541,A
2019-07-30,075130,소프트웨어,0.614013652853801,2564.0,2435.7999999999997,2019-08-02,2,stop_loss,-0.05000000000000011,-0.054100000000000106,A
2019-08-05,064550,바이오,0.6557341655054053,6300.0,5985.0,2019-08-07,1,stop_loss,-0.05,-0.0541,A
2019-08-08,075130,소프트웨어,0.587952458276877,2413.0,2551.0,2019-08-19,5,time_exit,0.05719021964359718,0.053090219643597183,A
2019-08-20,064350,방산,0.595969474634023,17000.0,16150.0,2019-08-26,3,stop_loss,-0.05,-0.0541,A
2019-08-27,005380,자동차,0.5878498384868667,128500.0,128500.0,2019-09-04,5,time_exit,0.0,-0.0040999999999999995,A
2019-09-05,187420,바이오,0.6084690498161209,5690.0,5760.0,2019-09-17,5,time_exit,0.012302284710017574,0.008202284710017575,A
2019-09-20,215090,방산,0.6232040745484249,13105.0,12449.75,2019-09-25,2,stop_loss,-0.05,-0.0541,A
2019-09-26,067990,자동차,0.5692928504144378,7277.0,7268.0,2019-10-07,5,time_exit,-0.0012367733956300674,-0.005336773395630066,A
2019-10-10,215090,방산,0.6118747667871237,13195.0,12535.25,2019-10-11,0,stop_loss,-0.05,-0.0541,A
2019-10-14,032820,방산,0.6161540325855802,925.0,894.0,2019-10-22,5,time_exit,-0.03351351351351351,-0.03761351351351351,A
2019-10-24,215090,방산,0.6568467458172351,10685.0,10150.75,2019-10-28,1,stop_loss,-0.05,-0.0541,A
2019-10-29,900140,자동차,0.7502414424261378,2671.0,2537.45,2019-10-31,1,stop_loss,-0.050000000000000065,-0.054100000000000065,A
2019-11-05,232680,반도체,0.6995696827891319,3805.0,4185.5,2019-11-07,1,take_profit,0.1,0.09590000000000001,A
2019-11-11,230980,방산,0.5879848698604231,1733.0,1777.0,2019-11-19,5,time_exit,0.025389497980380843,0.021289497980380843,A
2019-11-22,011000,바이오,0.5987962916086592,1547.0,1469.6499999999999,2019-11-29,4,stop_loss,-0.050000000000000086,-0.054100000000000086,A
2019-12-02,000040,자동차,0.6853588075949991,3537.0,3360.1499999999996,2019-12-05,2,stop_loss,-0.0500000000000001,-0.0541000000000001,A
2019-12-06,109820,바이오,0.5868174100219027,2115.0,2326.5,2019-12-09,0,take_profit,0.1,0.09590000000000001,A
2019-12-13,002800,제약,0.5729328976318577,6820.0,6630.0,2019-12-23,5,time_exit,-0.02785923753665689,-0.03195923753665689,A
2019-12-24,096350,조선,0.6691706226850487,1685.0,1853.5000000000002,2019-12-27,1,take_profit,0.10000000000000013,0.09590000000000012,A
2019-12-30,054180,조선,0.6370448980323763,110353.0,121388.3,2020-01-03,1,take_profit,0.10000000000000003,0.09590000000000004,A
2020-01-08,047810,방산,0.690174864508972,32550.0,33000.0,2020-01-16,5,time_exit,0.013824884792626729,0.00972488479262673,A
2020-01-22,036570,게임,0.6690266681494699,640000.0,640000.0,2020-02-03,5,time_exit,0.0,-0.0040999999999999995,A
2020-02-04,267250,조선,0.5881789552241021,54000.0,59400.00000000001,2020-02-06,1,take_profit,0.10000000000000013,0.09590000000000012,A
2020-02-07,065370,소프트웨어,0.60287400963467,9438.0,8966.1,2020-02-10,0,stop_loss,-0.04999999999999996,-0.05409999999999996,A
2020-02-12,176750,제약,0.598509878244997,7970.0,7571.5,2020-02-13,0,stop_loss,-0.05,-0.0541,A
2020-02-14,079970,소프트웨어,0.629031188884493,1615.0,1534.25,2020-02-17,0,stop_loss,-0.05,-0.0541,A
2020-02-18,079970,소프트웨어,0.6816131718014035,1770.0,1681.5,2020-02-21,2,stop_loss,-0.05,-0.0541,A
2020-02-24,187420,바이오,0.7533762698845954,4380.0,4161.0,2020-02-28,3,stop_loss,-0.05,-0.0541,A
2020-03-02,065370,소프트웨어,0.7158057692907486,6384.0,6064.799999999999,2020-03-06,3,stop_loss,-0.050000000000000114,-0.05410000000000011,A
2020-03-09,176750,제약,0.7213405251622426,6990.0,6640.5,2020-03-10,0,stop_loss,-0.05,-0.0541,A
2020-03-11,241770,반도체,0.7170913321932789,10650.0,10117.5,2020-03-12,0,stop_loss,-0.05,-0.0541,A
2020-03-13,142760,제약,0.8888604709451521,4552.0,5007.200000000001,2020-03-16,0,take_profit,0.10000000000000016,0.09590000000000015,A
2020-03-17,012450,방산,0.8924166907498515,20525.0,19498.75,2020-03-18,0,stop_loss,-0.05,-0.0541,A
2020-03-19,214430,방산,0.922231271070876,14050.0,13347.5,2020-03-23,1,stop_loss,-0.05,-0.0541,A
2020-03-25,108380,조선,0.6856467654419153,9000.0,9900.0,2020-03-31,3,take_profit,0.1,0.09590000000000001,A
2020-04-01,016670,소프트웨어,0.6327659817729723,45823.0,43531.85,2020-04-02,0,stop_loss,-0.05000000000000003,-0.05410000000000003,A
2020-04-03,005387,자동차,0.7280393971679968,56500.0,62150.00000000001,2020-04-07,1,take_profit,0.10000000000000013,0.09590000000000012,A
2020-04-08,148780,소프트웨어,0.6176418863884987,1500.0,1425.0,2020-04-09,0,stop_loss,-0.05,-0.0541,A
2020-04-13,000040,자동차,0.8404887739449085,2249.0,2291.0,2020-04-22,5,time_exit,0.018674966651845263,0.014574966651845263,A
2020-04-23,310200,엔터,0.5542919297540659,1450.0,1525.0,2020-05-06,5,time_exit,0.05172413793103448,0.04762413793103448,A
2020-05-07,900140,자동차,0.7034910563117337,2568.0,2439.6,2020-05-12,2,stop_loss,-0.05000000000000004,-0.05410000000000004,A
2020-05-13,217270,게임,0.6075632517009937,5420.0,5962.000000000001,2020-05-21,5,take_profit,0.10000000000000017,0.09590000000000018,A
2020-05-22,158430,소프트웨어,0.5548978206577109,6229.0,6851.900000000001,2020-05-26,1,take_profit,0.10000000000000009,0.0959000000000001,A
2020-05-27,222160,반도체,0.7313048492624751,1175.0,1116.25,2020-05-28,0,stop_loss,-0.05,-0.0541,A
2020-05-29,023770,게임,0.5690431117107597,14300.0,13585.0,2020-06-04,3,stop_loss,-0.05,-0.0541,A
2020-06-08,005385,자동차,0.6446342995270872,64700.0,61465.0,2020-06-11,2,stop_loss,-0.05,-0.0541,A
2020-06-12,230980,방산,0.7182641541937161,1453.0,1380.35,2020-06-15,0,stop_loss,-0.050000000000000065,-0.054100000000000065,A
2020-06-16,033830,엔터,0.734071404830844,765.0,788.0,2020-06-24,5,time_exit,0.030065359477124184,0.025965359477124184,A
2020-06-25,036570,게임,0.7030253932692357,924000.0,944000.0,2020-07-03,5,time_exit,0.021645021645021644,0.017545021645021645,A
2020-07-06,036570,게임,0.6028127085318379,976000.0,946000.0,2020-07-14,5,time_exit,-0.030737704918032786,-0.034837704918032786,A
2020-07-16,230980,방산,0.6898767946161214,1056.0,1003.1999999999999,2020-07-20,1,stop_loss,-0.050000000000000065,-0.054100000000000065,A
2020-07-21,054180,조선,0.6383843840665325,79576.0,80340.0,2020-07-29,5,time_exit,0.009600884688850909,0.00550088468885091,A
2020-08-03,010140,조선,0.6610956881968992,5068.0,5371.0,2020-08-11,5,time_exit,0.05978689818468824,0.05568689818468824,A
2020-08-13,230980,방산,0.7509891917194872,1199.0,1139.05,2020-08-14,0,stop_loss,-0.05000000000000004,-0.05410000000000004,A
2020-08-19,095270,방산,0.5834939073162467,8970.0,8521.5,2020-08-20,0,stop_loss,-0.05,-0.0541,A
2020-08-21,078340,게임,0.6503640158699402,107300.0,111100.0,2020-08-31,5,time_exit,0.035414725069897485,0.031314725069897485,A
2020-09-01,005385,자동차,0.6481559471012133,87500.0,83125.0,2020-09-04,2,stop_loss,-0.05,-0.0541,A
2020-09-07,058970,소프트웨어,0.6884055094135481,7500.0,7800.0,2020-09-15,5,time_exit,0.04,0.0359,A
2020-09-16,005380,자동차,0.7887538713413336,185500.0,176225.0,2020-09-23,4,stop_loss,-0.05,-0.0541,A
2020-09-24,018620,제약,0.6938833912623718,2850.0,3135.0000000000005,2020-09-29,2,take_profit,0.10000000000000016,0.09590000000000015,A
2020-10-05,032820,방산,0.6112239311400748,1405.0,1334.75,2020-10-07,1,stop_loss,-0.05,-0.0541,A
2020-10-13,065450,방산,0.6171612206981505,7550.0,7172.5,2020-10-19,3,stop_loss,-0.05,-0.0541,A
2020-10-20,284620,제약,0.6198208810912922,18281.0,20109.100000000002,2020-10-27,4,take_profit,0.10000000000000012,0.09590000000000012,A
2020-10-28,036570,게임,0.5679478797326805,795000.0,843000.0,2020-11-05,5,time_exit,0.06037735849056604,0.05627735849056604,A
2020-11-06,230980,방산,0.7390185851285288,1385.0,1395.0,2020-11-16,5,time_exit,0.007220216606498195,0.0031202166064981957,A
2020-11-17,108380,조선,0.7381780749699532,16200.0,15390.0,2020-11-20,2,stop_loss,-0.05,-0.0541,A
2020-11-24,075580,조선,0.6833601488125359,7180.0,6821.0,2020-11-25,0,stop_loss,-0.05,-0.0541,A
2020-11-26,105330,반도체,0.5648713633306853,6690.0,6620.0,2020-12-04,5,time_exit,-0.01046337817638266,-0.01456337817638266,A
2020-12-07,145020,바이오,0.5641226702736267,183000.0,173850.0,2020-12-14,4,stop_loss,-0.05,-0.0541,A
2020-12-21,067990,자동차,0.5556209437375382,7238.0,7410.0,2020-12-30,5,time_exit,0.02376347057198121,0.01966347057198121,A
2021-01-04,131370,소프트웨어,0.7587495390563265,12850.0,12207.5,2021-01-08,3,stop_loss,-0.05,-0.0541,A
2021-01-11,208350,소프트웨어,0.6672475114449727,5230.0,5350.0,2021-01-19,5,time_exit,0.022944550669216062,0.018844550669216063,A
2021-01-20,000270,자동차,0.5799457981301358,86700.0,88200.0,2021-01-28,5,time_exit,0.01730103806228374,0.013201038062283739,A
2021-01-29,230980,방산,0.7198967932041637,1481.0,1533.0,2021-02-08,5,time_exit,0.035111411208642807,0.031011411208642807,A
2021-02-16,000040,자동차,0.6268659771090596,3577.0,3398.1499999999996,2021-02-17,0,stop_loss,-0.0500000000000001,-0.0541000000000001,A
2021-02-18,000040,자동차,0.56454319227556,3649.0,4013.9000000000005,2021-02-19,0,take_profit,0.10000000000000014,0.09590000000000015,A
2021-02-23,044480,엔터,0.6234145445599474,2190.0,2143.0,2021-03-04,5,time_exit,-0.021461187214611873,-0.025561187214611873,A
2021-03-05,109820,바이오,0.5973439787052676,10650.0,10117.5,2021-03-09,1,stop_loss,-0.05,-0.0541,A
2021-03-10,219130,반도체,0.7368971593633519,10900.0,11650.0,2021-03-18,5,time_exit,0.06880733944954129,0.0647073394495413,A
2021-03-19,005385,자동차,0.8850051707413231,104000.0,98800.0,2021-03-25,3,stop_loss,-0.05,-0.0541,A
2021-03-26,005385,자동차,0.6290973773025548,99000.0,108000.0,2021-04-05,5,time_exit,0.09090909090909091,0.08680909090909092,A
2021-04-06,253450,엔터,0.5523936851794385,102200.0,104100.0,2021-04-14,5,time_exit,0.018590998043052837,0.014490998043052837,A
2021-04-15,053800,소프트웨어,0.5676051484701502,71800.0,68210.0,2021-04-23,5,stop_loss,-0.05,-0.0541,A
2021-04-29,053800,소프트웨어,0.6512782388012505,67200.0,67400.0,2021-05-10,5,time_exit,0.002976190476190476,-0.0011238095238095235,A
2021-05-11,094170,반도체,0.6605951044241225,6246.0,6164.0,2021-05-20,5,time_exit,-0.013128402177393531,-0.01722840217739353,A
2021-05-21,115450,제약,0.6509202172218365,5184.0,4924.8,2021-05-28,4,stop_loss,-0.04999999999999997,-0.05409999999999997,A
2021-06-01,053800,소프트웨어,0.6354829041440518,68600.0,69100.0,2021-06-09,5,time_exit,0.007288629737609329,0.0031886297376093296,A
2021-06-11,053800,소프트웨어,0.6650981187410767,71900.0,70700.0,2021-06-21,5,time_exit,-0.016689847009735744,-0.020789847009735744,A
2021-06-23,012510,소프트웨어,0.5796263627821276,82700.0,88500.0,2021-07-01,5,time_exit,0.07013301088270858,0.06603301088270858,A
2021-07-02,096610,반도체,0.5576954384235704,4935.0,4688.25,2021-07-09,4,stop_loss,-0.05,-0.0541,A
2021-07-12,041510,엔터,0.6259233650616997,62700.0,60800.0,2021-07-20,5,time_exit,-0.030303030303030304,-0.0344030303030303,A
2021-07-21,299660,바이오,0.6243722226673557,84169.0,79960.55,2021-07-28,4,stop_loss,-0.04999999999999997,-0.05409999999999997,A
2021-07-29,011000,바이오,0.6011693538840363,28927.0,27480.649999999998,2021-07-30,0,stop_loss,-0.05000000000000007,-0.05410000000000007,A
2021-08-02,232680,반도체,0.5779034533691777,11331.0,12464.1,2021-08-09,4,take_profit,0.10000000000000003,0.09590000000000004,A
2021-08-10,232680,반도체,0.6196456326193314,12332.0,13565.2,2021-08-11,0,take_profit,0.10000000000000006,0.09590000000000007,A
2021-08-13,275630,소프트웨어,0.6498706079173773,6266.0,5952.7,2021-08-17,0,stop_loss,-0.05000000000000003,-0.05410000000000003,A
2021-08-18,063080,게임,0.6389868785494301,31900.0,33050.0,2021-08-26,5,time_exit,0.03605015673981191,0.031950156739811914,A
2021-08-27,131100,엔터,0.6531471973851372,4635.0,5098.5,2021-08-30,0,take_profit,0.1,0.09590000000000001,A
2021-09-01,036570,게임,0.7664936862799561,635000.0,603250.0,2021-09-09,5,stop_loss,-0.05,-0.0541,A
2021-09-10,327260,방산,0.576479203744783,11894.0,11493.0,2021-09-23,5,time_exit,-0.03371447788801076,-0.03781447788801076,A
2021-09-24,058970,소프트웨어,0.6090138013020451,17800.0,16910.0,2021-09-28,1,stop_loss,-0.05,-0.0541,A
2021-09-29,064760,반도체,0.679041708366252,114800.0,114200.0,2021-10-08,5,time_exit,-0.005226480836236934,-0.009326480836236934,A
2021-10-13,356860,반도체,0.6114427415157556,16250.0,16750.0,2021-10-21,5,time_exit,0.03076923076923077,0.02666923076923077,A
2021-10-22,099410,조선,0.6334364542957411,2980.0,2831.0,2021-10-25,0,stop_loss,-0.05,-0.0541,A
2021-10-27,095270,방산,0.6112814049898238,4465.0,4480.0,2021-11-04,5,time_exit,0.0033594624860022394,-0.00074053751399776,A
2021-11-05,005935,반도체,0.6267824955575426,66000.0,66200.0,2021-11-15,5,time_exit,0.0030303030303030303,-0.0010696969696969692,A
2021-11-16,099320,방산,0.6235096485547655,48900.0,46455.0,2021-11-24,5,stop_loss,-0.05,-0.0541,A
2021-11-26,154030,바이오,0.6618761900087623,5240.0,5550.0,2021-12-06,5,time_exit,0.05916030534351145,0.05506030534351145,A
2021-12-08,117670,반도체,0.7619600216680875,63360.0,60192.0,2021-12-15,4,stop_loss,-0.05,-0.0541,A
2021-12-16,087010,바이오,0.7584212086356626,10611.0,10080.449999999999,2021-12-23,4,stop_loss,-0.0500000000000001,-0.0541000000000001,A
2021-12-28,197140,소프트웨어,0.6050016214404,4850.0,4607.5,2021-12-30,1,stop_loss,-0.05,-0.0541,A
2022-01-06,252990,반도체,0.6834491218413418,6770.0,6431.5,2022-01-11,2,stop_loss,-0.05,-0.0541,A
2022-01-12,900140,자동차,0.6089807292640885,2422.0,2300.9,2022-01-17,2,stop_loss,-0.04999999999999996,-0.05409999999999996,A
2022-01-18,033160,반도체,0.6651730814410275,16250.0,15437.5,2022-01-26,5,stop_loss,-0.05,-0.0541,A
2022-01-27,144960,반도체,0.5741630941157307,5180.0,5698.000000000001,2022-02-04,2,take_profit,0.10000000000000017,0.09590000000000018,A
2022-02-07,047080,게임,0.6064323622269262,4705.0,5175.5,2022-02-11,3,take_profit,0.1,0.09590000000000001,A
2022-02-14,096350,조선,0.6302561318204475,2090.0,2299.0,2022-02-18,3,take_profit,0.1,0.09590000000000001,A
2022-02-21,900140,자동차,0.6677722808718501,2151.0,2132.0,2022-03-02,5,time_exit,-0.008833100883310088,-0.012933100883310088,A
2022-03-03,230980,방산,0.7472191336767151,1495.0,1420.25,2022-03-07,1,stop_loss,-0.05,-0.0541,A
2022-03-08,900140,자동차,0.7912465438900547,2260.0,2325.0,2022-03-17,5,time_exit,0.028761061946902654,0.024661061946902655,A
2022-03-18,030350,게임,0.6226176766801051,11882.0,11287.9,2022-03-23,2,stop_loss,-0.05000000000000003,-0.05410000000000003,A
2022-03-25,235980,제약,0.7539370083439167,32152.0,30544.399999999998,2022-03-28,0,stop_loss,-0.050000000000000065,-0.054100000000000065,A
2022-03-29,900140,자동차,0.63135925315649,2320.0,2264.0,2022-04-06,5,time_exit,-0.02413793103448276,-0.028237931034482758,A
2022-04-07,381970,자동차,0.6498404967903343,32700.0,31065.0,2022-04-11,1,stop_loss,-0.05,-0.0541,A
2022-04-12,079970,소프트웨어,0.6566491486402676,1515.0,1666.5000000000002,2022-04-14,1,take_profit,0.10000000000000014,0.09590000000000015,A
2022-04-15,060240,조선,0.6731122236099926,101968.0,96869.59999999999,2022-04-18,0,stop_loss,-0.050000000000000086,-0.054100000000000086,A
2022-04-19,381970,자동차,0.611542999616928,31050.0,29497.5,2022-04-22,2,stop_loss,-0.05,-0.0541,A
2022-04-25,065570,조선,0.7093316821364328,6270.0,6470.0,2022-05-03,5,time_exit,0.03189792663476874,0.027797926634768738,A
2022-05-04,005380,자동차,0.7074334876044776,181500.0,186500.0,2022-05-13,5,time_exit,0.027548209366391185,0.023448209366391186,A
2022-05-16,014940,조선,0.7881740066297369,3245.0,3125.0,2022-05-24,5,time_exit,-0.03697996918335902,-0.041079969183359016,A
2022-05-25,042660,조선,0.6996182681528612,18168.0,19984.800000000003,2022-06-02,4,take_profit,0.10000000000000016,0.09590000000000015,A
2022-06-03,060240,조선,0.6566642494910921,71506.0,67930.7,2022-06-10,3,stop_loss,-0.05000000000000004,-0.05410000000000004,A
2022-06-13,099410,조선,0.7975434285323623,3300.0,3135.0,2022-06-15,1,stop_loss,-0.05,-0.0541,A
2022-06-16,381970,자동차,0.8699827242272469,19350.0,20500.0,2022-06-24,5,time_exit,0.059431524547803614,0.055331524547803615,A
2022-06-27,201490,게임,0.8559421255468515,4415.0,4194.25,2022-07-01,3,stop_loss,-0.05,-0.0541,A
2022-07-04,096350,조선,0.6679403597179476,2035.0,2238.5,2022-07-07,2,take_profit,0.1,0.09590000000000001,A
2022-07-08,101000,조선,0.6101343790276873,751.0,738.0,2022-07-18,5,time_exit,-0.017310252996005325,-0.021410252996005324,A
2022-07-19,361390,방산,0.5743932682052614,21900.0,22050.0,2022-07-27,5,time_exit,0.00684931506849315,0.002749315068493151,A
2022-07-28,389030,바이오,0.5941012873606053,3235.0,3073.25,2022-07-29,0,stop_loss,-0.05,-0.0541,A
2022-08-01,166090,반도체,0.558674386799242,40100.0,38095.0,2022-08-03,1,stop_loss,-0.05,-0.0541,A
2022-08-04,032980,조선,0.5907148499910904,2330.0,2360.0,2022-08-12,5,time_exit,0.012875536480686695,0.008775536480686696,A
2022-08-16,078340,게임,0.655721129682032,87500.0,83125.0,2022-08-18,1,stop_loss,-0.05,-0.0541,A
2022-08-19,064520,반도체,0.6842818920460448,4710.0,4474.5,2022-08-22,0,stop_loss,-0.05,-0.0541,A
2022-08-23,060240,조선,0.5806732348309295,56146.0,53338.7,2022-08-31,5,stop_loss,-0.05000000000000005,-0.05410000000000005,A
2022-09-01,060240,조선,0.7338590225095504,53823.0,51131.85,2022-09-05,1,stop_loss,-0.050000000000000024,-0.05410000000000002,A
2022-09-06,060240,조선,0.7378221997075609,50338.0,47821.1,2022-09-07,0,stop_loss,-0.05000000000000003,-0.05410000000000003,A
2022-09-08,060240,조선,0.8401927042964756,49435.0,46963.25,2022-09-16,3,stop_loss,-0.05,-0.0541,A
2022-09-19,365590,반도체,0.7120553138935807,6067.0,5763.65,2022-09-22,2,stop_loss,-0.05000000000000006,-0.05410000000000006,A
2022-09-23,096350,조선,0.7560942066342656,1610.0,1529.5,2022-09-26,0,stop_loss,-0.05,-0.0541,A
2022-09-27,099410,조선,0.8153131750290032,2705.0,2569.75,2022-09-28,0,stop_loss,-0.05,-0.0541,A
2022-09-29,381970,자동차,0.7967604171704431,14600.0,13870.0,2022-09-30,0,stop_loss,-0.05,-0.0541,A
2022-10-04,206560,엔터,0.6557380753072312,10950.0,10402.5,2022-10-05,0,stop_loss,-0.05,-0.0541,A
2022-10-06,096350,조선,0.6955075128860809,1530.0,1453.5,2022-10-11,1,stop_loss,-0.05,-0.0541,A
2022-10-12,288330,제약,0.7409140480859634,6028.0,5726.599999999999,2022-10-13,0,stop_loss,-0.05000000000000009,-0.05410000000000009,A
2022-10-14,099320,방산,0.8736691662070141,22750.0,25025.000000000004,2022-10-18,1,take_profit,0.10000000000000016,0.09590000000000015,A
2022-10-19,053580,소프트웨어,0.5511870359715761,14500.0,14700.0,2022-10-27,5,time_exit,0.013793103448275862,0.009693103448275862,A
2022-10-28,036420,엔터,0.607759462805036,22150.0,21042.5,2022-11-04,4,stop_loss,-0.05,-0.0541,A
2022-11-07,073010,조선,0.7084482434050423,1762.0,1871.0,2022-11-15,5,time_exit,0.061861520998864925,0.057761520998864925,A
2022-11-16,016670,소프트웨어,0.64373818664493,16718.0,15882.099999999999,2022-11-21,2,stop_loss,-0.050000000000000086,-0.054100000000000086,A
2022-11-22,054180,조선,0.709764027585686,58125.0,55218.75,2022-11-24,1,stop_loss,-0.05,-0.0541,A
2022-11-25,054180,조선,0.6491890931128305,55724.0,61296.4,2022-11-30,2,take_profit,0.10000000000000002,0.09590000000000001,A
2022-12-01,331520,게임,0.6067795570981235,5375.0,5600.0,2022-12-09,5,time_exit,0.04186046511627907,0.03776046511627907,A
2022-12-13,323350,반도체,0.5549579390162931,49850.0,47357.5,2022-12-19,3,stop_loss,-0.05,-0.0541,A
2022-12-20,200470,반도체,0.5962700747452339,2630.0,2498.5,2022-12-26,3,stop_loss,-0.05,-0.0541,A
2022-12-27,014940,조선,0.5819450199946913,2205.0,2275.0,2023-01-05,5,time_exit,0.031746031746031744,0.027646031746031745,A
2023-01-06,333430,조선,0.7139596568303482,3150.0,3350.0,2023-01-16,5,time_exit,0.06349206349206349,0.05939206349206349,A
2023-01-17,054180,조선,0.6009544158911108,31950.0,30352.5,2023-01-25,3,stop_loss,-0.05,-0.0541,A
2023-01-26,054180,조선,0.5735329735890347,29220.0,27759.0,2023-01-31,2,stop_loss,-0.05,-0.0541,A
2023-02-02,005380,자동차,0.6151709793625514,170100.0,173400.0,2023-02-10,5,time_exit,0.019400352733686066,0.015300352733686066,A
2023-02-13,101000,조선,0.5993509992937969,378.0,359.09999999999997,2023-02-14,0,stop_loss,-0.05000000000000009,-0.05410000000000009,A
2023-02-17,331520,게임,0.6054534190240684,7600.0,7220.0,2023-02-22,2,stop_loss,-0.05,-0.0541,A
2023-02-23,210120,엔터,0.7545334412578619,1400.0,1330.0,2023-02-24,0,stop_loss,-0.05,-0.0541,A
2023-02-27,058450,엔터,0.7089610098907336,20901.0,19855.95,2023-03-02,1,stop_loss,-0.04999999999999997,-0.05409999999999997,A
2023-03-03,032980,조선,0.6543205452000619,2052.0,1949.3999999999999,2023-03-06,0,stop_loss,-0.050000000000000065,-0.054100000000000065,A
2023-03-09,206650,바이오,0.613873221447394,7740.0,7353.0,2023-03-13,1,stop_loss,-0.05,-0.0541,A
2023-03-15,151860,자동차,0.7235265883325072,17150.0,17010.0,2023-03-23,5,time_exit,-0.00816326530612245,-0.01226326530612245,A
2023-03-29,067990,자동차,0.6876775365182555,5590.0,5560.0,2023-04-06,5,time_exit,-0.005366726296958855,-0.009466726296958855,A
2023-04-07,005387,자동차,0.6278469336181466,94600.0,98000.0,2023-04-17,5,time_exit,0.035940803382663845,0.031840803382663846,A
2023-04-18,000040,자동차,0.7463275920724666,1911.0,1815.4499999999998,2023-04-24,3,stop_loss,-0.05000000000000009,-0.05410000000000009,A
2023-04-25,079550,방산,0.6113758057790237,87300.0,82935.0,2023-04-26,0,stop_loss,-0.05,-0.0541,A
2023-04-28,060240,조선,0.5677789953587026,26911.0,26847.0,2023-05-10,5,time_exit,-0.0023782096540448145,-0.0064782096540448135,A
2023-05-15,050960,소프트웨어,0.6035526291075171,10280.0,11308.000000000002,2023-05-22,4,take_profit,0.10000000000000017,0.09590000000000018,A
2023-05-23,122870,엔터,0.6113241592511592,93700.0,94700.0,2023-06-01,5,time_exit,0.010672358591248666,0.006572358591248667,A
2023-06-09,291650,바이오,0.6130428125869564,4259.0,4046.0499999999997,2023-06-12,0,stop_loss,-0.050000000000000065,-0.054100000000000065,A
2023-06-13,210120,엔터,0.6277941402103875,3068.0,2914.6,2023-06-14,0,stop_loss,-0.05000000000000003,-0.05410000000000003,A
2023-06-19,298060,바이오,0.5985834886584753,4954.0,4910.0,2023-06-27,5,time_exit,-0.008881711748082357,-0.012981711748082356,A
2023-06-29,381970,자동차,0.5880379800511031,15240.0,14478.0,2023-07-03,1,stop_loss,-0.05,-0.0541,A
2023-07-06,099320,방산,0.5846814054605678,29450.0,29650.0,2023-07-14,5,time_exit,0.006791171477079796,0.0026911714770797967,A
2023-07-19,329180,조선,0.5581965196161283,143800.0,136610.0,2023-07-27,5,stop_loss,-0.05,-0.0541,A
2023-08-02,010820,방산,0.5702297027534536,3665.0,3610.0,2023-08-10,5,time_exit,-0.015006821282401092,-0.01910682128240109,A
2023-08-11,000040,자동차,0.6016483944892776,1490.0,1639.0000000000002,2023-08-14,0,take_profit,0.10000000000000016,0.09590000000000015,A
2023-08-16,419120,소프트웨어,0.5757476785332646,4895.0,4650.25,2023-08-17,0,stop_loss,-0.05,-0.0541,A
2023-08-18,352910,소프트웨어,0.5537631687837719,8730.0,8293.5,2023-08-28,5,stop_loss,-0.05,-0.0541,A
2023-08-29,089790,반도체,0.6668946394849283,8000.0,8800.0,2023-08-30,0,take_profit,0.1,0.09590000000000001,A
2023-08-31,047810,방산,0.6424309686195119,50700.0,50300.0,2023-09-08,5,time_exit,-0.007889546351084813,-0.011989546351084812,A
2023-09-11,064350,방산,0.589237870028867,31200.0,29640.0,2023-09-13,1,stop_loss,-0.05,-0.0541,A
2023-09-14,217730,바이오,0.639958979284365,1544.0,1466.8,2023-09-21,4,stop_loss,-0.05000000000000003,-0.05410000000000003,A
2023-09-22,064350,방산,0.8000221730825045,27900.0,26505.0,2023-10-05,4,stop_loss,-0.05,-0.0541,A
2023-10-06,082740,조선,0.5809097334163198,8410.0,8660.0,2023-10-17,5,time_exit,0.029726516052318668,0.02562651605231867,A
2023-10-18,105330,반도체,0.6522609451760838,7800.0,7410.0,2023-10-20,1,stop_loss,-0.05,-0.0541,A
2023-10-23,333430,조선,0.749563037885406,2995.0,2845.25,2023-10-24,0,stop_loss,-0.05,-0.0541,A
2023-10-26,075580,조선,0.5552245751114028,4500.0,4580.0,2023-11-03,5,time_exit,0.017777777777777778,0.013677777777777778,A
2023-11-07,035760,엔터,0.7104669048514693,57800.0,63580.00000000001,2023-11-08,0,take_profit,0.10000000000000013,0.09590000000000012,A
2023-11-10,365590,반도체,0.5526003511888801,8212.0,7801.4,2023-11-13,0,stop_loss,-0.050000000000000044,-0.054100000000000044,A
2023-11-14,099320,방산,0.6111107617751206,29000.0,28550.0,2023-11-22,5,time_exit,-0.015517241379310345,-0.019617241379310344,A
2023-11-23,347700,방산,0.5632004871325863,2700.0,2670.0,2023-12-01,5,time_exit,-0.011111111111111112,-0.015211111111111111,A
2023-12-05,060240,조선,0.6234686000729655,24820.0,23579.0,2023-12-07,1,stop_loss,-0.05,-0.0541,A
2023-12-08,065570,조선,0.6417692396052455,2890.0,2965.0,2023-12-18,5,time_exit,0.025951557093425604,0.021851557093425605,A
2023-12-20,340810,소프트웨어,0.5606419355435371,7260.0,7986.000000000001,2023-12-26,2,take_profit,0.10000000000000013,0.09590000000000012,A
2024-01-02,012450,방산,0.5601529223125996,131508.0,144658.80000000002,2024-01-05,2,take_profit,0.10000000000000013,0.09590000000000012,A
2024-01-08,012450,방산,0.6111828002877666,133341.0,146675.1,2024-01-11,2,take_profit,0.10000000000000005,0.09590000000000004,A
2024-01-12,000040,자동차,0.5890955350819077,1019.0,1000.0,2024-01-22,5,time_exit,-0.018645731108930325,-0.022745731108930325,A
2024-01-24,054180,조선,0.5555458300029711,11175.0,10616.25,2024-01-25,0,stop_loss,-0.05,-0.0541,A
2024-02-02,082740,조선,0.6956096121622832,8490.0,8280.0,2024-02-14,5,time_exit,-0.024734982332155476,-0.028834982332155475,A
2024-02-15,389030,바이오,0.5561480513650218,2320.0,2204.0,2024-02-21,3,stop_loss,-0.05,-0.0541,A
2024-02-23,381970,자동차,0.6272443994668725,12580.0,11951.0,2024-03-05,5,stop_loss,-0.05,-0.0541,A
2024-03-06,251270,게임,0.5859589190383945,57200.0,60800.0,2024-03-14,5,time_exit,0.06293706293706294,0.058837062937062944,A
2024-03-18,086900,바이오,0.7167623119095344,141400.0,146700.0,2024-03-26,5,time_exit,0.03748231966053748,0.03338231966053748,A
2024-03-27,352770,바이오,0.677874073226156,24869.0,27355.9,2024-04-01,2,take_profit,0.10000000000000006,0.09590000000000007,A
2024-04-02,347860,소프트웨어,0.6474722417448131,3448.0,3275.6,2024-04-11,5,stop_loss,-0.050000000000000024,-0.05410000000000002,A
2024-04-12,214430,방산,0.5926670881343735,44700.0,42465.0,2024-04-15,0,stop_loss,-0.05,-0.0541,A
2024-04-16,000040,자동차,0.7168330357238362,1069.0,1068.0,2024-04-24,5,time_exit,-0.0009354536950420954,-0.005035453695042095,A
2024-04-25,417860,소프트웨어,0.7125481284951664,12850.0,14135.000000000002,2024-05-02,3,take_profit,0.10000000000000014,0.09590000000000015,A
2024-05-07,095270,방산,0.565225384144629,5500.0,5510.0,2024-05-16,5,time_exit,0.0018181818181818182,-0.0022818181818181813,A
2024-05-17,079550,방산,0.5869924017339396,155400.0,161600.0,2024-05-27,5,time_exit,0.039897039897039896,0.035797039897039896,A
2024-05-28,259960,게임,0.7146872576991293,244000.0,246000.0,2024-06-05,5,time_exit,0.00819672131147541,0.004096721311475411,A
2024-06-07,003090,제약,0.5998570487434465,16480.0,16700.0,2024-06-17,5,time_exit,0.013349514563106795,0.009249514563106796,A
2024-06-18,451760,방산,0.6489148699363845,15300.0,14535.0,2024-06-24,3,stop_loss,-0.05,-0.0541,A
2024-06-25,451760,방산,0.6413944950911011,14170.0,13461.5,2024-07-02,4,stop_loss,-0.05,-0.0541,A
2024-07-03,005387,자동차,0.5625035830463133,185100.0,175845.0,2024-07-09,3,stop_loss,-0.05,-0.0541,A
2024-07-10,267250,조선,0.588813205727839,73900.0,81290.0,2024-07-17,4,take_profit,0.1,0.09590000000000001,A
2024-07-23,047810,방산,0.559024784564409,49600.0,54560.00000000001,2024-07-29,3,take_profit,0.10000000000000014,0.09590000000000015,A
2024-07-30,012450,방산,0.6412182419042242,317821.0,301929.95,2024-07-31,0,stop_loss,-0.04999999999999996,-0.05409999999999996,A
2024-08-02,402030,소프트웨어,0.6790475084547063,15686.0,14901.699999999999,2024-08-05,0,stop_loss,-0.05000000000000007,-0.05410000000000007,A
2024-08-06,196170,바이오,0.7006375908562129,278500.0,306350.0,2024-08-09,2,take_profit,0.1,0.09590000000000001,A
2024-08-12,000270,자동차,0.6546841926839988,102200.0,103000.0,2024-08-21,5,time_exit,0.007827788649706457,0.003727788649706458,A
2024-08-22,005389,자동차,0.6100282518982576,164000.0,180400.00000000003,2024-08-29,4,take_profit,0.10000000000000017,0.09590000000000018,A
2024-08-30,361390,방산,0.802843216078515,13730.0,13043.5,2024-09-04,2,stop_loss,-0.05,-0.0541,A
2024-09-05,424980,반도체,0.7814060363891971,6160.0,5852.0,2024-09-06,0,stop_loss,-0.05,-0.0541,A
2024-09-09,361390,방산,0.7108643540480398,11850.0,13035.000000000002,2024-09-20,5,take_profit,0.10000000000000016,0.09590000000000015,A
2024-09-24,099320,방산,0.6970912935900119,36050.0,36600.0,2024-10-04,5,time_exit,0.015256588072122053,0.011156588072122053,A
2024-10-10,259960,게임,0.6580517564644836,327500.0,340500.0,2024-10-18,5,time_exit,0.03969465648854962,0.03559465648854962,A
2024-10-24,352770,바이오,0.6980559484152786,8820.0,9702.0,2024-10-31,4,take_profit,0.1,0.09590000000000001,A
2024-11-01,327260,방산,0.7570981251704606,6740.0,7414.000000000001,2024-11-08,4,take_profit,0.10000000000000013,0.09590000000000012,A
2024-11-11,259960,게임,0.5780347901459554,318500.0,302575.0,2024-11-12,0,stop_loss,-0.05,-0.0541,A
2024-11-13,023770,게임,0.7500619987553839,3750.0,3562.5,2024-11-15,1,stop_loss,-0.05,-0.0541,A
2024-11-18,036570,게임,0.6240987234396349,203500.0,212000.0,2024-11-26,5,time_exit,0.04176904176904177,0.03766904176904177,A
2024-11-27,047810,방산,0.7426752894763137,59300.0,57600.0,2024-12-05,5,time_exit,-0.02866779089376054,-0.03276779089376054,A
2024-12-09,327260,방산,0.5578056718413958,4250.0,4675.0,2024-12-11,1,take_profit,0.1,0.09590000000000001,A
2024-12-12,036570,게임,0.6890256522602186,205500.0,204500.0,2024-12-20,5,time_exit,-0.004866180048661801,-0.008966180048661801,A
2024-12-23,052770,게임,0.6399785074621421,4232.0,4020.3999999999996,2024-12-26,1,stop_loss,-0.050000000000000086,-0.054100000000000086,A
2024-12-27,036570,게임,0.5786910274023693,191600.0,182020.0,2025-01-02,1,stop_loss,-0.05,-0.0541,A
2025-01-06,036570,게임,0.6056453777910408,191200.0,181640.0,2025-01-13,4,stop_loss,-0.05,-0.0541,A
2025-01-14,009540,조선,0.6290459977278927,236000.0,241000.0,2025-01-22,5,time_exit,0.0211864406779661,0.0170864406779661,A
2025-01-23,009540,조선,0.6410821707607316,228500.0,228000.0,2025-02-06,5,time_exit,-0.002188183807439825,-0.006288183807439824,A
2025-02-10,009540,조선,0.60838424678506,219500.0,241450.00000000003,2025-02-13,2,take_profit,0.10000000000000013,0.09590000000000012,A
2025-02-14,259960,게임,0.6854164911424006,316000.0,327000.0,2025-02-24,5,time_exit,0.03481012658227848,0.03071012658227848,A
2025-02-25,443060,조선,0.6567008546818313,134500.0,127775.0,2025-02-28,2,stop_loss,-0.05,-0.0541,A
2025-03-04,460930,조선,0.8384697875577629,17010.0,16410.0,2025-03-12,5,time_exit,-0.03527336860670194,-0.03937336860670194,A
2025-03-14,052770,게임,0.6148794850415761,3762.0,3573.8999999999996,2025-03-17,0,stop_loss,-0.0500000000000001,-0.0541000000000001,A
2025-03-18,030350,게임,0.7573371175309116,1075.0,1021.25,2025-03-19,0,stop_loss,-0.05,-0.0541,A
2025-03-20,030350,게임,0.7799371570260576,991.0,941.4499999999999,2025-03-21,0,stop_loss,-0.05000000000000007,-0.05410000000000007,A
2025-03-24,329180,조선,0.5727830592017188,300000.0,285000.0,2025-03-26,1,stop_loss,-0.05,-0.0541,A
2025-03-27,058970,소프트웨어,0.6995517302666593,53700.0,51015.0,2025-04-03,4,stop_loss,-0.05,-0.0541,A
2025-04-04,005387,자동차,0.7183550029481891,136300.0,136400.0,2025-04-14,5,time_exit,0.0007336757153338225,-0.003366324284666177,A
2025-04-15,474170,방산,0.6662927270916016,8960.0,9020.0,2025-04-23,5,time_exit,0.006696428571428571,0.0025964285714285716,A
2025-04-24,440110,반도체,0.5686257028540611,11210.0,10649.5,2025-04-30,3,stop_loss,-0.05,-0.0541,A
2025-05-02,012450,방산,0.6061988761677642,819275.0,778311.25,2025-05-13,4,stop_loss,-0.05,-0.0541,A
2025-05-14,329180,조선,0.5535762687095338,413500.0,392825.0,2025-05-22,5,stop_loss,-0.05,-0.0541,A
2025-05-23,086900,바이오,0.5609439487037059,167700.0,168400.0,2025-06-02,5,time_exit,0.0041741204531902205,7.412045319022103e-05,A
2025-06-04,087010,바이오,0.6337800276667417,154100.0,169510.0,2025-06-05,0,take_profit,0.1,0.09590000000000001,A
2025-06-09,215090,방산,0.5897775374504232,4350.0,4132.5,2025-06-11,1,stop_loss,-0.05,-0.0541,A
2025-06-12,079550,방산,0.6327749588346357,460500.0,506550.00000000006,2025-06-13,0,take_profit,0.10000000000000013,0.09590000000000012,A
2025-06-16,272210,방산,0.7155298901944114,63400.0,69740.0,2025-06-18,1,take_profit,0.1,0.09590000000000001,A
2025-06-19,221840,방산,0.6152077470775298,1979.0,1976.0,2025-06-27,5,time_exit,-0.0015159171298635675,-0.005615917129863567,A
2025-07-02,047810,방산,0.6596823784841482,89600.0,85120.0,2025-07-04,1,stop_loss,-0.05,-0.0541,A
2025-07-07,462350,방산,0.6143162862291475,9135.0,10048.5,2025-07-10,2,take_profit,0.1,0.09590000000000001,A
2025-07-11,047810,방산,0.6149085018955334,85600.0,91500.0,2025-07-21,5,time_exit,0.0689252336448598,0.06482523364485981,A
2025-07-23,484870,방산,0.6310340693717531,183800.0,174610.0,2025-07-24,0,stop_loss,-0.05,-0.0541,A
2025-07-25,214430,방산,0.6494454087632519,116500.0,110675.0,2025-08-01,4,stop_loss,-0.05,-0.0541,A
2025-08-04,036570,게임,0.7519721781592958,199900.0,219890.00000000003,2025-08-12,5,take_profit,0.10000000000000014,0.09590000000000015,A
2025-08-13,361390,방산,0.5894917528852719,16820.0,15979.0,2025-08-19,2,stop_loss,-0.05,-0.0541,A
2025-08-25,389140,엔터,0.7219803840622789,12707.0,12772.0,2025-09-02,5,time_exit,0.00511529078460691,0.0010152907846069101,A
2025-09-03,079550,방산,0.7568752176539528,497500.0,472625.0,2025-09-09,3,stop_loss,-0.05,-0.0541,A
2025-09-11,329180,조선,0.6966047765132521,513000.0,493000.0,2025-09-19,5,time_exit,-0.03898635477582846,-0.04308635477582846,A
2025-09-22,005380,자동차,0.6115839361251234,217500.0,215000.0,2025-09-30,5,time_exit,-0.011494252873563218,-0.015594252873563218,A
2025-10-10,226590,반도체,0.5967393028748853,17520.0,16644.0,2025-10-13,0,stop_loss,-0.05,-0.0541,A
2025-10-14,036570,게임,0.6560916359041304,209500.0,199025.0,2025-10-20,3,stop_loss,-0.05,-0.0541,A
2025-10-21,183300,반도체,0.583141888945966,118100.0,112195.0,2025-10-29,5,stop_loss,-0.05,-0.0541,A
2025-10-30,047810,방산,0.7466030526349698,104500.0,99275.0,2025-11-05,3,stop_loss,-0.05,-0.0541,A
2025-11-06,290560,소프트웨어,0.6733701605656123,1266.0,1302.0,2025-11-14,5,time_exit,0.02843601895734597,0.02433601895734597,A
2025-11-17,194480,게임,0.690764706477324,33800.0,32110.0,2025-11-19,1,stop_loss,-0.05,-0.0541,A
2025-11-20,484870,방산,0.6696370000963915,146500.0,139175.0,2025-11-21,0,stop_loss,-0.05,-0.0541,A
2025-11-24,194480,게임,0.7783583328105401,30650.0,33715.0,2025-12-01,4,take_profit,0.1,0.09590000000000001,A
2025-12-02,443060,조선,0.631684536571079,183400.0,201740.00000000003,2025-12-09,4,take_profit,0.10000000000000016,0.09590000000000015,A
2025-12-10,443060,조선,0.6629855179718328,199800.0,189810.0,2025-12-16,3,stop_loss,-0.05,-0.0541,A
2025-12-17,443060,조선,0.7808075104772434,185500.0,191900.0,2025-12-26,5,time_exit,0.03450134770889488,0.030401347708894882,A
2025-12-29,381970,자동차,0.706743445920247,16030.0,15228.5,2026-01-07,4,stop_loss,-0.05,-0.0541,A
2026-01-08,099320,방산,0.5621196579105264,105600.0,116160.00000000001,2026-01-12,1,take_profit,0.10000000000000014,0.09590000000000015,A
2026-01-15,000270,자동차,0.5945704142313449,158000.0,150100.0,2026-01-16,0,stop_loss,-0.05,-0.0541,A
2026-01-19,443060,조선,0.6368751822967184,187600.0,186800.0,2026-01-27,5,time_exit,-0.0042643923240938165,-0.008364392324093816,A
2026-01-28,329180,조선,0.5642177119017188,584000.0,554800.0,2026-02-02,2,stop_loss,-0.05,-0.0541,A
2026-02-03,060590,제약,0.686066819705903,4200.0,3990.0,2026-02-06,2,stop_loss,-0.05,-0.0541,A
2026-02-09,443060,조선,0.5692255593171949,168800.0,177300.0,2026-02-20,5,time_exit,0.050355450236966824,0.046255450236966825,A
2026-02-23,049470,소프트웨어,0.6651027683628367,697.0,662.15,2026-02-24,0,stop_loss,-0.05000000000000003,-0.05410000000000003,A
2026-02-25,099320,방산,0.6018754937954883,182000.0,200200.00000000003,2026-02-27,1,take_profit,0.10000000000000016,0.09590000000000015,A
2026-03-03,094860,게임,0.56416881643832,1230.0,1168.5,2026-03-04,0,stop_loss,-0.05,-0.0541,A
2026-03-05,005387,자동차,0.8871252497458282,262000.0,248900.0,2026-03-09,1,stop_loss,-0.05,-0.0541,A
2026-03-10,287840,제약,0.7838510785198114,46550.0,49400.0,2026-03-18,5,time_exit,0.061224489795918366,0.057124489795918366,A
2026-03-19,0008Z0,조선,0.6323356963818418,30150.0,28642.5,2026-03-23,1,stop_loss,-0.05,-0.0541,A
2026-03-24,005387,자동차,0.8645272091487557,255000.0,242250.0,2026-03-30,3,stop_loss,-0.05,-0.0541,A
2026-03-31,462350,방산,0.6673662129419583,13839.0,15222.900000000001,2026-04-01,0,take_profit,0.1000000000000001,0.0959000000000001,A
2026-04-02,041510,엔터,0.6435531911088415,86200.0,85600.0,2026-04-10,5,time_exit,-0.0069605568445475635,-0.011060556844547563,A
2026-04-13,058970,소프트웨어,0.7108579012653575,27450.0,30195.000000000004,2026-04-15,1,take_profit,0.10000000000000013,0.09590000000000012,A
2026-04-16,058970,소프트웨어,0.615828316236036,29250.0,29450.0,2026-04-24,5,time_exit,0.006837606837606838,0.002737606837606838,A
2026-04-28,103230,조선,0.5783538158925784,4115.0,3975.0,2026-05-08,5,time_exit,-0.03402187120291616,-0.03812187120291616,A
2017-04-11,086900,바이오,0.6194271662206375,382669.0,384965.0,2017-04-19,5,time_exit,0.005999963414857226,0.0018999634148572269,B
2017-04-25,086060,제약,0.6915654437189324,5380.0,5390.0,2017-05-08,5,time_exit,0.0018587360594795538,-0.0022412639405204457,B
2017-05-10,154030,바이오,0.5586734121813487,4500.0,4690.0,2017-05-18,5,time_exit,0.042222222222222223,0.038122222222222224,B
2017-05-19,208640,게임,0.6970392618501503,1350.0,1282.5,2017-05-29,5,stop_loss,-0.05,-0.0541,B
2017-05-31,047810,방산,0.6274337736615972,63400.0,63600.0,2017-06-09,5,time_exit,0.0031545741324921135,-0.000945425867507886,B
2017-06-12,900140,자동차,0.8060911090440506,3236.0,3074.2,2017-06-15,2,stop_loss,-0.05000000000000006,-0.05410000000000006,B
2017-06-20,032820,방산,0.6289196465039559,613.0,582.35,2017-06-22,1,stop_loss,-0.04999999999999996,-0.05409999999999996,B
2017-06-23,148780,소프트웨어,0.6476145475086262,24200.0,23300.0,2017-07-03,5,time_exit,-0.0371900826446281,-0.0412900826446281,B
2017-07-05,060240,조선,0.5827842927307441,114358.0,108640.09999999999,2017-07-13,5,stop_loss,-0.05000000000000008,-0.05410000000000008,B
2017-07-14,003620,자동차,0.7563669121719321,32142.0,32652.0,2017-07-24,5,time_exit,0.015867089789061043,0.011767089789061044,B
2017-07-28,014940,조선,0.6770663080896949,1350.0,1282.5,2017-07-31,0,stop_loss,-0.05,-0.0541,B
2017-08-01,094860,게임,0.5964739331636425,2385.0,2340.0,2017-08-09,5,time_exit,-0.018867924528301886,-0.022967924528301886,B
2017-08-11,061970,반도체,0.8355305101823078,2400.0,2640.0,2017-08-22,5,time_exit,0.1,0.09590000000000001,B
2017-08-23,005385,자동차,0.6463502747175377,99500.0,96400.0,2017-08-31,5,time_exit,-0.031155778894472363,-0.03525577889447236,B
2017-09-05,011000,바이오,0.7676801209816712,3383.0,3213.85,2017-09-08,2,stop_loss,-0.050000000000000024,-0.05410000000000002,B
2017-09-11,005385,자동차,0.7845427604723155,91600.0,87020.0,2017-09-15,3,stop_loss,-0.05,-0.0541,B
2017-09-18,005385,자동차,0.5699889498699283,90000.0,93400.0,2017-09-26,5,time_exit,0.03777777777777778,0.03367777777777778,B
2017-09-27,230980,방산,0.9065710225674697,1102.0,1162.0,2017-10-13,5,time_exit,0.0544464609800363,0.0503464609800363,B
2017-10-16,900140,자동차,0.7535781213083964,2484.0,2623.0,2017-10-24,5,time_exit,0.055958132045088566,0.051858132045088566,B
2017-10-25,086900,바이오,0.7663663769538803,344552.0,327324.39999999997,2017-10-26,0,stop_loss,-0.0500000000000001,-0.0541000000000001,B
2017-10-27,086900,바이오,0.8039328286233566,336883.0,320038.85,2017-11-02,3,stop_loss,-0.05000000000000007,-0.05410000000000007,B
2017-11-03,900140,자동차,0.772023626269563,2581.0,2681.0,2017-11-13,5,time_exit,0.03874467260751647,0.03464467260751647,B
2017-11-14,079550,방산,0.6246789361342884,57800.0,59400.0,2017-11-22,5,time_exit,0.02768166089965398,0.02358166089965398,B
2017-11-28,221840,방산,0.5807011115751627,7680.0,7860.0,2017-12-06,5,time_exit,0.0234375,0.0193375,B
2017-12-07,079550,방산,0.6082933574552455,56100.0,57800.0,2017-12-15,5,time_exit,0.030303030303030304,0.026203030303030304,B
2017-12-18,075580,조선,0.5742499335964895,1886.0,1880.0,2017-12-27,5,time_exit,-0.003181336161187699,-0.007281336161187698,B
2018-01-03,101000,조선,0.658291657447531,8146.0,7738.7,2018-01-04,0,stop_loss,-0.050000000000000024,-0.05410000000000002,B
2018-01-08,097800,반도체,0.5852935592440731,852.0,833.0,2018-01-16,5,time_exit,-0.022300469483568074,-0.026400469483568074,B
2018-01-19,001390,자동차,0.5975517857557603,5460.0,5187.0,2018-01-26,4,stop_loss,-0.05,-0.0541,B
2018-01-29,000040,자동차,0.5676061861578818,7286.0,6921.7,2018-02-05,4,stop_loss,-0.050000000000000024,-0.05410000000000002,B
2018-02-06,064290,반도체,0.8511608292149287,4345.0,4127.75,2018-02-07,0,stop_loss,-0.05,-0.0541,B
2018-02-08,086960,소프트웨어,0.6508094100939399,4704.0,4468.8,2018-02-12,1,stop_loss,-0.04999999999999996,-0.05409999999999996,B
2018-02-13,005387,자동차,0.8565413471759991,94500.0,96100.0,2018-02-23,5,time_exit,0.016931216931216932,0.012831216931216933,B
2018-02-28,036570,게임,0.6082874778709357,370000.0,392500.0,2018-03-09,5,time_exit,0.060810810810810814,0.056710810810810815,B
2018-03-12,201490,게임,0.6314659107765558,9330.0,8863.5,2018-03-20,5,stop_loss,-0.05,-0.0541,B
2018-03-21,065450,방산,0.5715201707294789,3165.0,3006.75,2018-03-22,0,stop_loss,-0.05,-0.0541,B
2018-03-23,014940,조선,0.6714254255863411,1020.0,1035.0,2018-04-02,5,time_exit,0.014705882352941176,0.010605882352941177,B
2018-04-03,101000,조선,0.7340274615181852,5356.0,5088.2,2018-04-06,2,stop_loss,-0.05000000000000003,-0.05410000000000003,B
2018-04-09,065570,조선,0.6360427682607318,7530.0,7530.0,2018-04-17,5,time_exit,0.0,-0.0040999999999999995,B
2018-04-18,005870,방산,0.5827572702981108,12150.0,11542.5,2018-04-23,2,stop_loss,-0.05,-0.0541,B
2018-04-25,114450,제약,0.6502597150207389,5722.0,5435.9,2018-04-30,2,stop_loss,-0.050000000000000065,-0.054100000000000065,B
2018-05-02,099320,방산,0.6486022109988405,14788.0,15620.0,2018-05-11,5,time_exit,0.05626183391939411,0.05216183391939411,B
2018-05-14,036570,게임,0.5824073619819949,334000.0,352000.0,2018-05-23,5,time_exit,0.05389221556886228,0.04979221556886228,B
2018-05-25,131100,엔터,0.5604264289023713,22950.0,21802.5,2018-05-28,0,stop_loss,-0.05,-0.0541,B
2018-05-30,099320,방산,0.6912448651457559,14083.0,14814.0,2018-06-08,5,time_exit,0.05190655400127814,0.04780655400127814,B
2018-06-11,174900,바이오,0.5865257421203549,22200.0,21090.0,2018-06-18,3,stop_loss,-0.05,-0.0541,B
2018-06-19,016670,소프트웨어,0.566217885292307,36517.0,34691.15,2018-06-27,5,stop_loss,-0.04999999999999996,-0.05409999999999996,B
2018-06-29,103230,조선,0.6385869485570104,12700.0,12065.0,2018-07-02,0,stop_loss,-0.05,-0.0541,B
2018-07-03,054540,조선,0.6125407790585874,3850.0,3880.0,2018-07-11,5,time_exit,0.007792207792207792,0.0036922077922077927,B
2018-07-12,077970,조선,0.6005734663813995,10350.0,9832.5,2018-07-18,3,stop_loss,-0.05,-0.0541,B
2018-07-19,230980,방산,0.6136359788300503,1150.0,1204.0,2018-07-27,5,time_exit,0.04695652173913043,0.04285652173913043,B
2018-08-02,253450,엔터,0.565130966387741,100000.0,95000.0,2018-08-06,1,stop_loss,-0.05,-0.0541,B
2018-08-09,005870,방산,0.6118744528944244,9260.0,8797.0,2018-08-13,1,stop_loss,-0.05,-0.0541,B
2018-08-14,151860,자동차,0.6532341943876842,3830.0,3995.0,2018-08-23,5,time_exit,0.04308093994778068,0.03898093994778068,B
2018-08-24,080580,반도체,0.5624953820602281,1725.0,1700.0,2018-09-03,5,time_exit,-0.014492753623188406,-0.018592753623188407,B
2018-09-06,251270,게임,0.6296484495414704,115000.0,116000.0,2018-09-14,5,time_exit,0.008695652173913044,0.004595652173913044,B
2018-09-17,197140,소프트웨어,0.5615430454760538,5261.0,5067.0,2018-09-28,5,time_exit,-0.03687511879870747,-0.040975118798707466,B
2018-10-01,192080,게임,0.6207555644056116,58092.0,55187.399999999994,2018-10-11,5,stop_loss,-0.0500000000000001,-0.0541000000000001,B
2018-10-12,032820,방산,0.8652910920381205,1345.0,1330.0,2018-10-22,5,time_exit,-0.011152416356877323,-0.015252416356877322,B
2018-10-23,032820,방산,0.8596859977241945,1290.0,1225.5,2018-10-24,0,stop_loss,-0.05,-0.0541,B
2018-10-25,010820,방산,0.9417003396566833,3505.0,3329.75,2018-10-26,0,stop_loss,-0.05,-0.0541,B
2018-10-29,032820,방산,0.9049879110505326,850.0,1185.0,2018-11-06,5,time_exit,0.3941176470588235,0.3900176470588235,B
2018-11-08,001390,자동차,0.6757529312168602,3980.0,3781.0,2018-11-13,2,stop_loss,-0.05,-0.0541,B
2018-11-14,253450,엔터,0.6017422239127218,104200.0,105700.0,2018-11-22,5,time_exit,0.014395393474088292,0.010295393474088293,B
2018-11-23,010820,방산,0.5962805245088895,3130.0,3325.0,2018-12-03,5,time_exit,0.06230031948881789,0.05820031948881789,B
2018-12-04,208640,게임,0.7351535745012381,1178.0,1119.1,2018-12-06,1,stop_loss,-0.05000000000000008,-0.05410000000000008,B
2018-12-07,208640,게임,0.6396448293095677,1094.0,1039.3,2018-12-10,0,stop_loss,-0.050000000000000044,-0.054100000000000044,B
2018-12-11,109960,제약,0.6609731640460298,759.0,721.05,2018-12-17,3,stop_loss,-0.05000000000000006,-0.05410000000000006,B
2018-12-18,185490,바이오,0.6491961328639855,9525.0,9048.75,2018-12-21,2,stop_loss,-0.05,-0.0541,B
2018-12-24,058970,소프트웨어,0.669781925142898,1905.0,2195.0,2019-01-04,5,time_exit,0.15223097112860892,0.14813097112860893,B
2019-01-07,217730,바이오,0.6652645942695237,15590.0,14810.5,2019-01-08,0,stop_loss,-0.05,-0.0541,B
2019-01-09,185490,바이오,0.5658140469642308,9391.0,8921.449999999999,2019-01-10,0,stop_loss,-0.050000000000000114,-0.05410000000000011,B
2019-01-11,049470,소프트웨어,0.5797321736813604,968.0,988.0,2019-01-21,5,time_exit,0.02066115702479339,0.01656115702479339,B
2019-01-22,900140,자동차,0.6084868684072756,1589.0,1556.0,2019-01-30,5,time_exit,-0.02076777847702958,-0.02486777847702958,B
2019-01-31,900140,자동차,0.5837853213763273,1549.0,1650.0,2019-02-13,5,time_exit,0.06520335700451904,0.06110335700451904,B
2019-02-14,160550,엔터,0.5745476000380035,4660.0,5120.0,2019-02-22,5,time_exit,0.09871244635193133,0.09461244635193133,B
2019-02-25,900140,자동차,0.7682511278689819,1677.0,1593.1499999999999,2019-03-04,3,stop_loss,-0.05000000000000008,-0.05410000000000008,B
2019-03-05,084990,바이오,0.6140523185486678,162112.0,154006.4,2019-03-07,1,stop_loss,-0.05000000000000004,-0.05410000000000004,B
2019-03-12,012170,엔터,0.5880169209527759,6659.0,6326.049999999999,2019-03-19,4,stop_loss,-0.05000000000000011,-0.054100000000000106,B
2019-03-20,012510,소프트웨어,0.5923672796827847,46000.0,45500.0,2019-03-28,5,time_exit,-0.010869565217391304,-0.014969565217391304,B
2019-04-01,151860,자동차,0.5977634687838169,3900.0,3705.0,2019-04-03,1,stop_loss,-0.05,-0.0541,B
2019-04-04,166480,바이오,0.7281115181796858,11371.0,11329.0,2019-04-12,5,time_exit,-0.003693606542960162,-0.007793606542960161,B
2019-04-15,214430,방산,0.5513333871739394,22300.0,22150.0,2019-04-23,5,time_exit,-0.006726457399103139,-0.010826457399103139,B
2019-04-25,148780,소프트웨어,0.5586887206364984,2995.0,2845.25,2019-04-26,0,stop_loss,-0.05,-0.0541,B
2019-04-30,054180,조선,0.5540940986513518,189046.0,179593.69999999998,2019-05-07,2,stop_loss,-0.05000000000000009,-0.05410000000000009,B
2019-05-09,064350,방산,0.8124720575923577,19500.0,18525.0,2019-05-14,2,stop_loss,-0.05,-0.0541,B
2019-05-15,064350,방산,0.8423616182275533,19450.0,19100.0,2019-05-23,5,time_exit,-0.017994858611825194,-0.022094858611825193,B
2019-05-24,166480,바이오,0.6357995340846272,9105.0,9747.0,2019-06-03,5,time_exit,0.07051070840197693,0.06641070840197694,B
2019-06-04,082740,조선,0.6842296165784401,2995.0,3122.0,2019-06-13,5,time_exit,0.04240400667779633,0.03830400667779633,B
2019-06-14,037270,엔터,0.742928045769476,1460.0,1387.0,2019-06-17,0,stop_loss,-0.05,-0.0541,B
2019-06-18,084990,바이오,0.5718841550455154,99748.0,109258.0,2019-06-26,5,time_exit,0.09534025744877091,0.0912402574487709,B
2019-06-27,208640,게임,0.5911982393787101,1015.0,964.25,2019-07-01,1,stop_loss,-0.05,-0.0541,B
2019-07-02,208640,게임,0.5983534282682711,911.0,865.4499999999999,2019-07-08,3,stop_loss,-0.05000000000000007,-0.05410000000000007,B
2019-07-09,185490,바이오,0.7392067901299454,6213.0,6557.0,2019-07-17,5,time_exit,0.05536777724126831,0.05126777724126831,B
2019-07-18,246710,바이오,0.699630224753103,4083.0,3878.85,2019-07-24,3,stop_loss,-0.050000000000000024,-0.05410000000000002,B
2019-07-25,208640,게임,0.6290803657328929,702.0,713.0,2019-08-02,5,time_exit,0.01566951566951567,0.011569515669515671,B
2019-08-05,064550,바이오,0.6557341655054053,6300.0,5985.0,2019-08-07,1,stop_loss,-0.05,-0.0541,B
2019-08-08,075130,소프트웨어,0.587952458276877,2413.0,2551.0,2019-08-19,5,time_exit,0.05719021964359718,0.053090219643597183,B
2019-08-20,064350,방산,0.595969474634023,17000.0,16150.0,2019-08-26,3,stop_loss,-0.05,-0.0541,B
2019-08-27,005380,자동차,0.5878498384868667,128500.0,128500.0,2019-09-04,5,time_exit,0.0,-0.0040999999999999995,B
2019-09-05,187420,바이오,0.6084690498161209,5690.0,5760.0,2019-09-17,5,time_exit,0.012302284710017574,0.008202284710017575,B
2019-09-20,215090,방산,0.6232040745484249,13105.0,12449.75,2019-09-25,2,stop_loss,-0.05,-0.0541,B
2019-09-26,067990,자동차,0.5692928504144378,7277.0,7268.0,2019-10-07,5,time_exit,-0.0012367733956300674,-0.005336773395630066,B
2019-10-10,215090,방산,0.6118747667871237,13195.0,12535.25,2019-10-11,0,stop_loss,-0.05,-0.0541,B
2019-10-14,032820,방산,0.6161540325855802,925.0,894.0,2019-10-22,5,time_exit,-0.03351351351351351,-0.03761351351351351,B
2019-10-24,215090,방산,0.6568467458172351,10685.0,10150.75,2019-10-28,1,stop_loss,-0.05,-0.0541,B
2019-10-29,900140,자동차,0.7502414424261378,2671.0,2537.45,2019-10-31,1,stop_loss,-0.050000000000000065,-0.054100000000000065,B
2019-11-05,232680,반도체,0.6995696827891319,3805.0,3985.0,2019-11-13,5,time_exit,0.04730617608409987,0.04320617608409987,B
2019-11-14,032820,방산,0.649569601541669,899.0,854.05,2019-11-22,5,stop_loss,-0.05000000000000005,-0.05410000000000005,B
2019-11-25,109820,바이오,0.6074080983575127,2340.0,2223.0,2019-12-03,5,stop_loss,-0.05,-0.0541,B
2019-12-06,109820,바이오,0.5868174100219027,2115.0,2175.0,2019-12-16,5,time_exit,0.028368794326241134,0.024268794326241135,B
2019-12-18,205500,게임,0.5670236463882083,1480.0,1406.0,2019-12-20,1,stop_loss,-0.05,-0.0541,B
2019-12-23,054180,조선,0.6724464352504524,117553.0,111675.34999999999,2019-12-26,1,stop_loss,-0.05000000000000007,-0.05410000000000007,B
2019-12-27,000040,자동차,0.6773343052496796,3193.0,3033.35,2020-01-08,5,stop_loss,-0.05000000000000003,-0.05410000000000003,B
2020-01-09,054180,조선,0.6084719393296277,106574.0,101245.29999999999,2020-01-10,0,stop_loss,-0.05000000000000011,-0.054100000000000106,B
2020-01-22,036570,게임,0.6690266681494699,640000.0,640000.0,2020-02-03,5,time_exit,0.0,-0.0040999999999999995,B
2020-02-04,267250,조선,0.5881789552241021,54000.0,60800.0,2020-02-12,5,time_exit,0.1259259259259259,0.12182592592592592,B
2020-02-13,222160,반도체,0.6219800525781308,1700.0,1615.0,2020-02-14,0,stop_loss,-0.05,-0.0541,B
2020-02-17,222160,반도체,0.5697708596376099,1500.0,1425.0,2020-02-19,1,stop_loss,-0.05,-0.0541,B
2020-02-20,101000,조선,0.5847803899506939,1030.0,978.5,2020-02-28,5,stop_loss,-0.05,-0.0541,B
2020-03-02,065370,소프트웨어,0.7158057692907486,6384.0,6064.799999999999,2020-03-06,3,stop_loss,-0.050000000000000114,-0.05410000000000011,B
2020-03-09,176750,제약,0.7213405251622426,6990.0,6640.5,2020-03-10,0,stop_loss,-0.05,-0.0541,B
2020-03-11,241770,반도체,0.7170913321932789,10650.0,10117.5,2020-03-12,0,stop_loss,-0.05,-0.0541,B
2020-03-13,142760,제약,0.8888604709451521,4552.0,4324.4,2020-03-19,3,stop_loss,-0.05000000000000008,-0.05410000000000008,B
2020-03-20,187420,바이오,0.6920062970932084,3120.0,4145.0,2020-03-30,5,time_exit,0.328525641025641,0.32442564102564103,B
2020-03-31,009540,조선,0.6857423198596871,78100.0,79500.0,2020-04-08,5,time_exit,0.01792573623559539,0.013825736235595392,B
2020-04-09,033830,엔터,0.7605151809882482,757.0,719.15,2020-04-10,0,stop_loss,-0.05000000000000003,-0.05410000000000003,B
2020-04-13,000040,자동차,0.8404887739449085,2249.0,2291.0,2020-04-22,5,time_exit,0.018674966651845263,0.014574966651845263,B
2020-04-23,310200,엔터,0.5542919297540659,1450.0,1525.0,2020-05-06,5,time_exit,0.05172413793103448,0.04762413793103448,B
2020-05-07,900140,자동차,0.7034910563117337,2568.0,2439.6,2020-05-12,2,stop_loss,-0.05000000000000004,-0.05410000000000004,B
2020-05-13,217270,게임,0.6075632517009937,5420.0,6140.0,2020-05-21,5,time_exit,0.13284132841328414,0.12874132841328415,B
2020-05-22,158430,소프트웨어,0.5548978206577109,6229.0,6570.0,2020-06-01,5,time_exit,0.054743939637180924,0.050643939637180925,B
2020-06-02,036570,게임,0.6201829960765229,807000.0,822000.0,2020-06-10,5,time_exit,0.01858736059479554,0.01448736059479554,B
2020-06-11,095270,방산,0.6033153235117467,8132.0,7725.4,2020-06-15,1,stop_loss,-0.050000000000000044,-0.054100000000000044,B
2020-06-16,033830,엔터,0.734071404830844,765.0,788.0,2020-06-24,5,time_exit,0.030065359477124184,0.025965359477124184,B
2020-06-25,036570,게임,0.7030253932692357,924000.0,944000.0,2020-07-03,5,time_exit,0.021645021645021644,0.017545021645021645,B
2020-07-06,036570,게임,0.6028127085318379,976000.0,946000.0,2020-07-14,5,time_exit,-0.030737704918032786,-0.034837704918032786,B
2020-07-16,230980,방산,0.6898767946161214,1056.0,1003.1999999999999,2020-07-20,1,stop_loss,-0.050000000000000065,-0.054100000000000065,B
2020-07-21,054180,조선,0.6383843840665325,79576.0,80340.0,2020-07-29,5,time_exit,0.009600884688850909,0.00550088468885091,B
2020-08-03,010140,조선,0.6610956881968992,5068.0,5371.0,2020-08-11,5,time_exit,0.05978689818468824,0.05568689818468824,B
2020-08-13,230980,방산,0.7509891917194872,1199.0,1139.05,2020-08-14,0,stop_loss,-0.05000000000000004,-0.05410000000000004,B
2020-08-19,095270,방산,0.5834939073162467,8970.0,8521.5,2020-08-20,0,stop_loss,-0.05,-0.0541,B
2020-08-21,078340,게임,0.6503640158699402,107300.0,111100.0,2020-08-31,5,time_exit,0.035414725069897485,0.031314725069897485,B
2020-09-01,005385,자동차,0.6481559471012133,87500.0,83125.0,2020-09-04,2,stop_loss,-0.05,-0.0541,B
2020-09-07,058970,소프트웨어,0.6884055094135481,7500.0,7800.0,2020-09-15,5,time_exit,0.04,0.0359,B
2020-09-16,005380,자동차,0.7887538713413336,185500.0,176225.0,2020-09-23,4,stop_loss,-0.05,-0.0541,B
2020-09-24,018620,제약,0.6938833912623718,2850.0,3195.0,2020-10-07,5,time_exit,0.12105263157894737,0.11695263157894736,B
2020-10-13,065450,방산,0.6171612206981505,7550.0,7172.5,2020-10-19,3,stop_loss,-0.05,-0.0541,B
2020-10-20,284620,제약,0.6198208810912922,18281.0,20144.0,2020-10-28,5,time_exit,0.10190908593621793,0.09780908593621793,B
2020-10-29,203400,제약,0.6126951519273582,2617.0,2956.0,2020-11-06,5,time_exit,0.1295376385173863,0.12543763851738632,B
2020-11-10,187420,바이오,0.6529839597253986,11500.0,10925.0,2020-11-11,0,stop_loss,-0.05,-0.0541,B
2020-11-12,215090,방산,0.6085630314222111,3620.0,4110.0,2020-11-20,5,time_exit,0.13535911602209943,0.13125911602209944,B
2020-11-24,075580,조선,0.6833601488125359,7180.0,6821.0,2020-11-25,0,stop_loss,-0.05,-0.0541,B
2020-11-26,105330,반도체,0.5648713633306853,6690.0,6620.0,2020-12-04,5,time_exit,-0.01046337817638266,-0.01456337817638266,B
2020-12-07,145020,바이오,0.5641226702736267,183000.0,173850.0,2020-12-14,4,stop_loss,-0.05,-0.0541,B
2020-12-21,067990,자동차,0.5556209437375382,7238.0,7410.0,2020-12-30,5,time_exit,0.02376347057198121,0.01966347057198121,B
2021-01-04,131370,소프트웨어,0.7587495390563265,12850.0,12207.5,2021-01-08,3,stop_loss,-0.05,-0.0541,B
2021-01-11,208350,소프트웨어,0.6672475114449727,5230.0,5350.0,2021-01-19,5,time_exit,0.022944550669216062,0.018844550669216063,B
2021-01-20,000270,자동차,0.5799457981301358,86700.0,88200.0,2021-01-28,5,time_exit,0.01730103806228374,0.013201038062283739,B
2021-01-29,230980,방산,0.7198967932041637,1481.0,1533.0,2021-02-08,5,time_exit,0.035111411208642807,0.031011411208642807,B
2021-02-16,000040,자동차,0.6268659771090596,3577.0,3398.1499999999996,2021-02-17,0,stop_loss,-0.0500000000000001,-0.0541000000000001,B
2021-02-18,000040,자동차,0.56454319227556,3649.0,3466.5499999999997,2021-02-26,5,stop_loss,-0.05000000000000007,-0.05410000000000007,B
2021-03-02,194480,게임,0.6759942930575441,62700.0,59565.0,2021-03-04,1,stop_loss,-0.05,-0.0541,B
2021-03-05,109820,바이오,0.5973439787052676,10650.0,10117.5,2021-03-09,1,stop_loss,-0.05,-0.0541,B
2021-03-10,219130,반도체,0.7368971593633519,10900.0,11650.0,2021-03-18,5,time_exit,0.06880733944954129,0.0647073394495413,B
2021-03-19,005385,자동차,0.8850051707413231,104000.0,98800.0,2021-03-25,3,stop_loss,-0.05,-0.0541,B
2021-03-26,005385,자동차,0.6290973773025548,99000.0,108000.0,2021-04-05,5,time_exit,0.09090909090909091,0.08680909090909092,B
2021-04-06,253450,엔터,0.5523936851794385,102200.0,104100.0,2021-04-14,5,time_exit,0.018590998043052837,0.014490998043052837,B
2021-04-15,053800,소프트웨어,0.5676051484701502,71800.0,68210.0,2021-04-23,5,stop_loss,-0.05,-0.0541,B
2021-04-29,053800,소프트웨어,0.6512782388012505,67200.0,67400.0,2021-05-10,5,time_exit,0.002976190476190476,-0.0011238095238095235,B
2021-05-11,094170,반도체,0.6605951044241225,6246.0,6164.0,2021-05-20,5,time_exit,-0.013128402177393531,-0.01722840217739353,B
2021-05-21,115450,제약,0.6509202172218365,5184.0,4924.8,2021-05-28,4,stop_loss,-0.04999999999999997,-0.05409999999999997,B
2021-06-01,053800,소프트웨어,0.6354829041440518,68600.0,69100.0,2021-06-09,5,time_exit,0.007288629737609329,0.0031886297376093296,B
2021-06-11,053800,소프트웨어,0.6650981187410767,71900.0,70700.0,2021-06-21,5,time_exit,-0.016689847009735744,-0.020789847009735744,B
2021-06-23,012510,소프트웨어,0.5796263627821276,82700.0,88500.0,2021-07-01,5,time_exit,0.07013301088270858,0.06603301088270858,B
2021-07-02,096610,반도체,0.5576954384235704,4935.0,4688.25,2021-07-09,4,stop_loss,-0.05,-0.0541,B
2021-07-12,041510,엔터,0.6259233650616997,62700.0,60800.0,2021-07-20,5,time_exit,-0.030303030303030304,-0.0344030303030303,B
2021-07-21,299660,바이오,0.6243722226673557,84169.0,79960.55,2021-07-28,4,stop_loss,-0.04999999999999997,-0.05409999999999997,B
2021-07-29,011000,바이오,0.6011693538840363,28927.0,27480.649999999998,2021-07-30,0,stop_loss,-0.05000000000000007,-0.05410000000000007,B
2021-08-02,232680,반도체,0.5779034533691777,11331.0,12333.0,2021-08-10,5,time_exit,0.0884299708763569,0.08432997087635691,B
2021-08-13,275630,소프트웨어,0.6498706079173773,6266.0,5952.7,2021-08-17,0,stop_loss,-0.05000000000000003,-0.05410000000000003,B
2021-08-18,063080,게임,0.6389868785494301,31900.0,33050.0,2021-08-26,5,time_exit,0.03605015673981191,0.031950156739811914,B
2021-08-27,131100,엔터,0.6531471973851372,4635.0,5175.0,2021-09-06,5,time_exit,0.11650485436893204,0.11240485436893205,B
2021-09-07,208640,게임,0.5698936671535769,2570.0,2441.5,2021-09-09,1,stop_loss,-0.05,-0.0541,B
2021-09-10,327260,방산,0.576479203744783,11894.0,11493.0,2021-09-23,5,time_exit,-0.03371447788801076,-0.03781447788801076,B
2021-09-24,058970,소프트웨어,0.6090138013020451,17800.0,16910.0,2021-09-28,1,stop_loss,-0.05,-0.0541,B
2021-09-29,064760,반도체,0.679041708366252,114800.0,114200.0,2021-10-08,5,time_exit,-0.005226480836236934,-0.009326480836236934,B
2021-10-13,356860,반도체,0.6114427415157556,16250.0,16750.0,2021-10-21,5,time_exit,0.03076923076923077,0.02666923076923077,B
2021-10-22,099410,조선,0.6334364542957411,2980.0,2831.0,2021-10-25,0,stop_loss,-0.05,-0.0541,B
2021-10-27,095270,방산,0.6112814049898238,4465.0,4480.0,2021-11-04,5,time_exit,0.0033594624860022394,-0.00074053751399776,B
2021-11-05,005935,반도체,0.6267824955575426,66000.0,66200.0,2021-11-15,5,time_exit,0.0030303030303030303,-0.0010696969696969692,B
2021-11-16,099320,방산,0.6235096485547655,48900.0,46455.0,2021-11-24,5,stop_loss,-0.05,-0.0541,B
2021-11-26,154030,바이오,0.6618761900087623,5240.0,5550.0,2021-12-06,5,time_exit,0.05916030534351145,0.05506030534351145,B
2021-12-08,117670,반도체,0.7619600216680875,63360.0,60192.0,2021-12-15,4,stop_loss,-0.05,-0.0541,B
2021-12-16,087010,바이오,0.7584212086356626,10611.0,10080.449999999999,2021-12-23,4,stop_loss,-0.0500000000000001,-0.0541000000000001,B
2021-12-28,197140,소프트웨어,0.6050016214404,4850.0,4607.5,2021-12-30,1,stop_loss,-0.05,-0.0541,B
2022-01-06,252990,반도체,0.6834491218413418,6770.0,6431.5,2022-01-11,2,stop_loss,-0.05,-0.0541,B
2022-01-12,900140,자동차,0.6089807292640885,2422.0,2300.9,2022-01-17,2,stop_loss,-0.04999999999999996,-0.05409999999999996,B
2022-01-18,033160,반도체,0.6651730814410275,16250.0,15437.5,2022-01-26,5,stop_loss,-0.05,-0.0541,B
2022-01-27,144960,반도체,0.5741630941157307,5180.0,5870.0,2022-02-09,5,time_exit,0.13320463320463322,0.12910463320463322,B
2022-02-10,005380,자동차,0.7576453902624644,183000.0,183500.0,2022-02-18,5,time_exit,0.00273224043715847,-0.0013677595628415295,B
2022-02-21,900140,자동차,0.6677722808718501,2151.0,2132.0,2022-03-02,5,time_exit,-0.008833100883310088,-0.012933100883310088,B
2022-03-03,230980,방산,0.7472191336767151,1495.0,1420.25,2022-03-07,1,stop_loss,-0.05,-0.0541,B
2022-03-08,900140,자동차,0.7912465438900547,2260.0,2325.0,2022-03-17,5,time_exit,0.028761061946902654,0.024661061946902655,B
2022-03-18,030350,게임,0.6226176766801051,11882.0,11287.9,2022-03-23,2,stop_loss,-0.05000000000000003,-0.05410000000000003,B
2022-03-25,235980,제약,0.7539370083439167,32152.0,30544.399999999998,2022-03-28,0,stop_loss,-0.050000000000000065,-0.054100000000000065,B
2022-03-29,900140,자동차,0.63135925315649,2320.0,2264.0,2022-04-06,5,time_exit,-0.02413793103448276,-0.028237931034482758,B
2022-04-07,381970,자동차,0.6498404967903343,32700.0,31065.0,2022-04-11,1,stop_loss,-0.05,-0.0541,B
2022-04-12,079970,소프트웨어,0.6566491486402676,1515.0,1580.0,2022-04-20,5,time_exit,0.0429042904290429,0.038804290429042904,B
2022-04-22,065570,조선,0.7414382049848456,6440.0,6118.0,2022-04-25,0,stop_loss,-0.05,-0.0541,B
2022-04-26,298060,바이오,0.7957837299559181,7624.0,8195.0,2022-05-04,5,time_exit,0.07489506820566631,0.0707950682056663,B
2022-05-06,148780,소프트웨어,0.6530591903227189,11700.0,11115.0,2022-05-09,0,stop_loss,-0.05,-0.0541,B
2022-05-10,079970,소프트웨어,0.6446372087042099,1145.0,1255.0,2022-05-18,5,time_exit,0.09606986899563319,0.0919698689956332,B
2022-05-19,060240,조선,0.6347107570282967,69054.0,74088.0,2022-05-27,5,time_exit,0.07289946998001565,0.06879946998001565,B
2022-05-30,108380,조선,0.7476729013815341,12350.0,14350.0,2022-06-09,5,time_exit,0.16194331983805668,0.1578433198380567,B
2022-06-10,079550,방산,0.5756033863213944,83800.0,79610.0,2022-06-14,1,stop_loss,-0.05,-0.0541,B
2022-06-15,067390,방산,0.7275120690799295,5500.0,5225.0,2022-06-22,4,stop_loss,-0.05,-0.0541,B
2022-06-23,000040,자동차,0.9431272921509911,1729.0,1768.0,2022-07-01,5,time_exit,0.022556390977443608,0.01845639097744361,B
2022-07-04,096350,조선,0.6679403597179476,2035.0,2055.0,2022-07-12,5,time_exit,0.009828009828009828,0.005728009828009828,B
2022-07-14,000270,자동차,0.6170857333754647,79300.0,80900.0,2022-07-22,5,time_exit,0.0201765447667087,0.0160765447667087,B
2022-07-26,047560,소프트웨어,0.5533785004951289,9810.0,9920.0,2022-08-03,5,time_exit,0.011213047910295617,0.0071130479102956175,B
2022-08-04,032980,조선,0.5907148499910904,2330.0,2360.0,2022-08-12,5,time_exit,0.012875536480686695,0.008775536480686696,B
2022-08-16,078340,게임,0.655721129682032,87500.0,83125.0,2022-08-18,1,stop_loss,-0.05,-0.0541,B
2022-08-19,064520,반도체,0.6842818920460448,4710.0,4474.5,2022-08-22,0,stop_loss,-0.05,-0.0541,B
2022-08-23,060240,조선,0.5806732348309295,56146.0,53338.7,2022-08-31,5,stop_loss,-0.05000000000000005,-0.05410000000000005,B
2022-09-01,060240,조선,0.7338590225095504,53823.0,51131.85,2022-09-05,1,stop_loss,-0.050000000000000024,-0.05410000000000002,B
2022-09-06,060240,조선,0.7378221997075609,50338.0,47821.1,2022-09-07,0,stop_loss,-0.05000000000000003,-0.05410000000000003,B
2022-09-08,060240,조선,0.8401927042964756,49435.0,46963.25,2022-09-16,3,stop_loss,-0.05,-0.0541,B
2022-09-19,365590,반도체,0.7120553138935807,6067.0,5763.65,2022-09-22,2,stop_loss,-0.05000000000000006,-0.05410000000000006,B
2022-09-23,096350,조선,0.7560942066342656,1610.0,1529.5,2022-09-26,0,stop_loss,-0.05,-0.0541,B
2022-09-27,099410,조선,0.8153131750290032,2705.0,2569.75,2022-09-28,0,stop_loss,-0.05,-0.0541,B
2022-09-29,381970,자동차,0.7967604171704431,14600.0,13870.0,2022-09-30,0,stop_loss,-0.05,-0.0541,B
2022-10-04,206560,엔터,0.6557380753072312,10950.0,10402.5,2022-10-05,0,stop_loss,-0.05,-0.0541,B
2022-10-06,096350,조선,0.6955075128860809,1530.0,1453.5,2022-10-11,1,stop_loss,-0.05,-0.0541,B
2022-10-12,288330,제약,0.7409140480859634,6028.0,5726.599999999999,2022-10-13,0,stop_loss,-0.05000000000000009,-0.05410000000000009,B
2022-10-14,099320,방산,0.8736691662070141,22750.0,24750.0,2022-10-24,5,time_exit,0.08791208791208792,0.08381208791208791,B
2022-10-25,144960,반도체,0.595476897849385,3400.0,3425.0,2022-11-02,5,time_exit,0.007352941176470588,0.0032529411764705887,B
2022-11-03,196170,바이오,0.655531646932763,34800.0,38750.0,2022-11-11,5,time_exit,0.11350574712643678,0.10940574712643678,B
2022-11-14,065570,조선,0.7005389314622269,5170.0,5130.0,2022-11-22,5,time_exit,-0.007736943907156673,-0.011836943907156672,B
2022-11-23,399720,반도체,0.7950107687183088,18500.0,17575.0,2022-11-29,3,stop_loss,-0.05,-0.0541,B
2022-11-30,230980,방산,0.5922368822410918,791.0,751.4499999999999,2022-12-07,4,stop_loss,-0.050000000000000086,-0.054100000000000086,B
2022-12-08,230980,방산,0.5531962414811755,722.0,775.0,2022-12-16,5,time_exit,0.07340720221606649,0.06930720221606648,B
2022-12-19,210120,엔터,0.7384505532949489,1406.0,1727.0,2022-12-27,5,time_exit,0.2283072546230441,0.2242072546230441,B
2022-12-28,365590,반도체,0.6782816127412575,3952.0,4003.0,2023-01-06,5,time_exit,0.012904858299595142,0.008804858299595143,B
2023-01-09,365590,반도체,0.6915377658940565,4023.0,4033.0,2023-01-17,5,time_exit,0.002485707183693761,-0.0016142928163062386,B
2023-01-18,079550,방산,0.6215856422078889,77200.0,79300.0,2023-01-30,5,time_exit,0.027202072538860103,0.023102072538860104,B
2023-02-02,005380,자동차,0.6151709793625514,170100.0,173400.0,2023-02-10,5,time_exit,0.019400352733686066,0.015300352733686066,B
2023-02-13,101000,조선,0.5993509992937969,378.0,359.09999999999997,2023-02-14,0,stop_loss,-0.05000000000000009,-0.05410000000000009,B
2023-02-17,331520,게임,0.6054534190240684,7600.0,7220.0,2023-02-22,2,stop_loss,-0.05,-0.0541,B
2023-02-23,210120,엔터,0.7545334412578619,1400.0,1330.0,2023-02-24,0,stop_loss,-0.05,-0.0541,B
2023-02-27,058450,엔터,0.7089610098907336,20901.0,19855.95,2023-03-02,1,stop_loss,-0.04999999999999997,-0.05409999999999997,B
2023-03-03,032980,조선,0.6543205452000619,2052.0,1949.3999999999999,2023-03-06,0,stop_loss,-0.050000000000000065,-0.054100000000000065,B
2023-03-09,206650,바이오,0.613873221447394,7740.0,7353.0,2023-03-13,1,stop_loss,-0.05,-0.0541,B
2023-03-15,151860,자동차,0.7235265883325072,17150.0,17010.0,2023-03-23,5,time_exit,-0.00816326530612245,-0.01226326530612245,B
2023-03-29,067990,자동차,0.6876775365182555,5590.0,5560.0,2023-04-06,5,time_exit,-0.005366726296958855,-0.009466726296958855,B
2023-04-07,005387,자동차,0.6278469336181466,94600.0,98000.0,2023-04-17,5,time_exit,0.035940803382663845,0.031840803382663846,B
2023-04-18,000040,자동차,0.7463275920724666,1911.0,1815.4499999999998,2023-04-24,3,stop_loss,-0.05000000000000009,-0.05410000000000009,B
2023-04-25,079550,방산,0.6113758057790237,87300.0,82935.0,2023-04-26,0,stop_loss,-0.05,-0.0541,B
2023-04-28,060240,조선,0.5677789953587026,26911.0,26847.0,2023-05-10,5,time_exit,-0.0023782096540448145,-0.0064782096540448135,B
2023-05-15,050960,소프트웨어,0.6035526291075171,10280.0,11330.0,2023-05-23,5,time_exit,0.10214007782101167,0.09804007782101168,B
2023-05-24,000270,자동차,0.5906861535844258,89100.0,84645.0,2023-06-01,4,stop_loss,-0.05,-0.0541,B
2023-06-09,291650,바이오,0.6130428125869564,4259.0,4046.0499999999997,2023-06-12,0,stop_loss,-0.050000000000000065,-0.054100000000000065,B
2023-06-13,210120,엔터,0.6277941402103875,3068.0,2914.6,2023-06-14,0,stop_loss,-0.05000000000000003,-0.05410000000000003,B
2023-06-19,298060,바이오,0.5985834886584753,4954.0,4910.0,2023-06-27,5,time_exit,-0.008881711748082357,-0.012981711748082356,B
2023-06-29,381970,자동차,0.5880379800511031,15240.0,14478.0,2023-07-03,1,stop_loss,-0.05,-0.0541,B
2023-07-06,099320,방산,0.5846814054605678,29450.0,29650.0,2023-07-14,5,time_exit,0.006791171477079796,0.0026911714770797967,B
2023-07-19,329180,조선,0.5581965196161283,143800.0,136610.0,2023-07-27,5,stop_loss,-0.05,-0.0541,B
2023-08-02,010820,방산,0.5702297027534536,3665.0,3610.0,2023-08-10,5,time_exit,-0.015006821282401092,-0.01910682128240109,B
2023-08-11,000040,자동차,0.6016483944892776,1490.0,1549.0,2023-08-22,5,time_exit,0.03959731543624161,0.035497315436241614,B
2023-08-23,079550,방산,0.5792166273985146,78900.0,84800.0,2023-08-31,5,time_exit,0.07477820025348543,0.07067820025348542,B
2023-09-01,079550,방산,0.6641455061190875,83600.0,85100.0,2023-09-11,5,time_exit,0.017942583732057416,0.013842583732057417,B
2023-09-12,040160,소프트웨어,0.5915784224685586,4815.0,4820.0,2023-09-20,5,time_exit,0.0010384215991692627,-0.003061578400830737,B
2023-09-22,064350,방산,0.8000221730825045,27900.0,26505.0,2023-10-05,4,stop_loss,-0.05,-0.0541,B
2023-10-06,082740,조선,0.5809097334163198,8410.0,8660.0,2023-10-17,5,time_exit,0.029726516052318668,0.02562651605231867,B
2023-10-18,105330,반도체,0.6522609451760838,7800.0,7410.0,2023-10-20,1,stop_loss,-0.05,-0.0541,B
2023-10-23,333430,조선,0.749563037885406,2995.0,2845.25,2023-10-24,0,stop_loss,-0.05,-0.0541,B
2023-10-26,075580,조선,0.5552245751114028,4500.0,4580.0,2023-11-03,5,time_exit,0.017777777777777778,0.013677777777777778,B
2023-11-07,035760,엔터,0.7104669048514693,57800.0,69200.0,2023-11-15,5,time_exit,0.1972318339100346,0.1931318339100346,B
2023-11-16,402030,소프트웨어,0.5816143068935823,34747.0,33009.65,2023-11-17,0,stop_loss,-0.04999999999999996,-0.05409999999999996,B
2023-11-21,099320,방산,0.6136334158421786,28450.0,29050.0,2023-11-29,5,time_exit,0.0210896309314587,0.0169896309314587,B
2023-12-05,060240,조선,0.6234686000729655,24820.0,23579.0,2023-12-07,1,stop_loss,-0.05,-0.0541,B
2023-12-08,065570,조선,0.6417692396052455,2890.0,2965.0,2023-12-18,5,time_exit,0.025951557093425604,0.021851557093425605,B
2023-12-20,340810,소프트웨어,0.5606419355435371,7260.0,7990.0,2024-01-02,5,time_exit,0.10055096418732783,0.09645096418732782,B
2024-01-04,340810,소프트웨어,0.6268760297694775,7520.0,8340.0,2024-01-12,5,time_exit,0.10904255319148937,0.10494255319148937,B
2024-01-15,000040,자동차,0.6692613914541998,1008.0,1000.0,2024-01-23,5,time_exit,-0.007936507936507936,-0.012036507936507936,B
2024-01-24,054180,조선,0.5555458300029711,11175.0,10616.25,2024-01-25,0,stop_loss,-0.05,-0.0541,B
2024-02-02,082740,조선,0.6956096121622832,8490.0,8280.0,2024-02-14,5,time_exit,-0.024734982332155476,-0.028834982332155475,B
2024-02-15,389030,바이오,0.5561480513650218,2320.0,2204.0,2024-02-21,3,stop_loss,-0.05,-0.0541,B
2024-02-23,381970,자동차,0.6272443994668725,12580.0,11951.0,2024-03-05,5,stop_loss,-0.05,-0.0541,B
2024-03-06,251270,게임,0.5859589190383945,57200.0,60800.0,2024-03-14,5,time_exit,0.06293706293706294,0.058837062937062944,B
2024-03-18,086900,바이오,0.7167623119095344,141400.0,146700.0,2024-03-26,5,time_exit,0.03748231966053748,0.03338231966053748,B
2024-03-27,352770,바이오,0.677874073226156,24869.0,26250.0,2024-04-04,5,time_exit,0.0555309823475009,0.0514309823475009,B
2024-04-05,079550,방산,0.6896925599071375,165700.0,158800.0,2024-04-16,5,time_exit,-0.04164152082076041,-0.04574152082076041,B
2024-04-17,000040,자동차,0.7203200223551243,1084.0,1051.0,2024-04-25,5,time_exit,-0.03044280442804428,-0.03454280442804428,B
2024-04-26,000270,자동차,0.7281004714910444,119500.0,116000.0,2024-05-08,5,time_exit,-0.029288702928870293,-0.03338870292887029,B
2024-05-10,000270,자동차,0.5924228661978238,113900.0,114400.0,2024-05-21,5,time_exit,0.004389815627743635,0.0002898156277436354,B
2024-05-23,417860,소프트웨어,0.6137744535634428,13700.0,13630.0,2024-05-31,5,time_exit,-0.0051094890510948905,-0.00920948905109489,B
2024-06-03,259960,게임,0.6023052205607995,245000.0,265000.0,2024-06-12,5,time_exit,0.08163265306122448,0.07753265306122448,B
2024-06-14,299660,바이오,0.7072666498033581,2118.0,2012.1,2024-06-18,1,stop_loss,-0.050000000000000044,-0.054100000000000044,B
2024-06-19,299660,바이오,0.6654691923359075,2050.0,1947.5,2024-06-21,1,stop_loss,-0.05,-0.0541,B
2024-06-24,438700,소프트웨어,0.6703553489243016,4800.0,4745.0,2024-07-02,5,time_exit,-0.011458333333333333,-0.015558333333333332,B
2024-07-03,005387,자동차,0.5625035830463133,185100.0,175845.0,2024-07-09,3,stop_loss,-0.05,-0.0541,B
2024-07-10,267250,조선,0.588813205727839,73900.0,80700.0,2024-07-18,5,time_exit,0.09201623815967523,0.08791623815967523,B
2024-07-23,047810,방산,0.559024784564409,49600.0,57000.0,2024-07-31,5,time_exit,0.14919354838709678,0.1450935483870968,B
2024-08-02,402030,소프트웨어,0.6790475084547063,15686.0,14901.699999999999,2024-08-05,0,stop_loss,-0.05000000000000007,-0.05410000000000007,B
2024-08-06,196170,바이오,0.7006375908562129,278500.0,292500.0,2024-08-14,5,time_exit,0.05026929982046679,0.04616929982046679,B
2024-08-16,274400,소프트웨어,0.6883134396857987,5810.0,5519.5,2024-08-23,4,stop_loss,-0.05,-0.0541,B
2024-08-26,361390,방산,0.7694510473384709,13920.0,13270.0,2024-09-03,5,time_exit,-0.04669540229885057,-0.05079540229885057,B
2024-09-04,451760,방산,0.596743141939614,8400.0,7980.0,2024-09-05,0,stop_loss,-0.05,-0.0541,B
2024-09-06,361390,방산,0.7056260435658351,11880.0,12350.0,2024-09-19,5,time_exit,0.03956228956228956,0.03546228956228956,B
2024-09-20,005385,자동차,0.6130398151563105,180900.0,171855.0,2024-09-30,5,stop_loss,-0.05,-0.0541,B
2024-10-02,086900,바이오,0.666335977119912,184000.0,190000.0,2024-10-14,5,time_exit,0.03260869565217391,0.028508695652173913,B
2024-10-15,205500,게임,0.655359580843866,1068.0,1077.0,2024-10-23,5,time_exit,0.008426966292134831,0.004326966292134832,B
2024-10-24,352770,바이오,0.6980559484152786,8820.0,9450.0,2024-11-01,5,time_exit,0.07142857142857142,0.06732857142857143,B
2024-11-04,327260,방산,0.6039598400449521,6740.0,6690.0,2024-11-12,5,time_exit,-0.00741839762611276,-0.011518397626112759,B
2024-11-13,023770,게임,0.7500619987553839,3750.0,3562.5,2024-11-15,1,stop_loss,-0.05,-0.0541,B
2024-11-18,036570,게임,0.6240987234396349,203500.0,212000.0,2024-11-26,5,time_exit,0.04176904176904177,0.03766904176904177,B
2024-11-27,047810,방산,0.7426752894763137,59300.0,57600.0,2024-12-05,5,time_exit,-0.02866779089376054,-0.03276779089376054,B
2024-12-09,327260,방산,0.5578056718413958,4250.0,4865.0,2024-12-17,5,time_exit,0.14470588235294118,0.1406058823529412,B
2024-12-19,036570,게임,0.6598277504278924,203000.0,192850.0,2024-12-27,4,stop_loss,-0.05,-0.0541,B
2024-12-30,030350,게임,0.5536677604077984,1300.0,1235.0,2025-01-02,0,stop_loss,-0.05,-0.0541,B
2025-01-06,036570,게임,0.6056453777910408,191200.0,181640.0,2025-01-13,4,stop_loss,-0.05,-0.0541,B
2025-01-14,009540,조선,0.6290459977278927,236000.0,241000.0,2025-01-22,5,time_exit,0.0211864406779661,0.0170864406779661,B
2025-01-23,009540,조선,0.6410821707607316,228500.0,228000.0,2025-02-06,5,time_exit,-0.002188183807439825,-0.006288183807439824,B
2025-02-10,009540,조선,0.60838424678506,219500.0,232500.0,2025-02-18,5,time_exit,0.05922551252847381,0.05512551252847381,B
2025-02-21,443060,조선,0.5908488068952901,142600.0,135470.0,2025-02-24,0,stop_loss,-0.05,-0.0541,B
2025-02-25,443060,조선,0.6567008546818313,134500.0,127775.0,2025-02-28,2,stop_loss,-0.05,-0.0541,B
2025-03-04,460930,조선,0.8384697875577629,17010.0,16410.0,2025-03-12,5,time_exit,-0.03527336860670194,-0.03937336860670194,B
2025-03-14,052770,게임,0.6148794850415761,3762.0,3573.8999999999996,2025-03-17,0,stop_loss,-0.0500000000000001,-0.0541000000000001,B
2025-03-18,030350,게임,0.7573371175309116,1075.0,1021.25,2025-03-19,0,stop_loss,-0.05,-0.0541,B
2025-03-20,030350,게임,0.7799371570260576,991.0,941.4499999999999,2025-03-21,0,stop_loss,-0.05000000000000007,-0.05410000000000007,B
2025-03-24,329180,조선,0.5727830592017188,300000.0,285000.0,2025-03-26,1,stop_loss,-0.05,-0.0541,B
2025-03-27,058970,소프트웨어,0.6995517302666593,53700.0,51015.0,2025-04-03,4,stop_loss,-0.05,-0.0541,B
2025-04-04,005387,자동차,0.7183550029481891,136300.0,136400.0,2025-04-14,5,time_exit,0.0007336757153338225,-0.003366324284666177,B
2025-04-15,474170,방산,0.6662927270916016,8960.0,9020.0,2025-04-23,5,time_exit,0.006696428571428571,0.0025964285714285716,B
2025-04-24,440110,반도체,0.5686257028540611,11210.0,10649.5,2025-04-30,3,stop_loss,-0.05,-0.0541,B
2025-05-02,012450,방산,0.6061988761677642,819275.0,778311.25,2025-05-13,4,stop_loss,-0.05,-0.0541,B
2025-05-14,329180,조선,0.5535762687095338,413500.0,392825.0,2025-05-22,5,stop_loss,-0.05,-0.0541,B
2025-05-23,086900,바이오,0.5609439487037059,167700.0,168400.0,2025-06-02,5,time_exit,0.0041741204531902205,7.412045319022103e-05,B
2025-06-04,087010,바이오,0.6337800276667417,154100.0,186200.0,2025-06-13,5,time_exit,0.20830629461388708,0.2042062946138871,B
2025-06-16,272210,방산,0.7155298901944114,63400.0,63100.0,2025-06-24,5,time_exit,-0.00473186119873817,-0.00883186119873817,B
2025-06-25,047810,방산,0.7981600182622306,90900.0,88900.0,2025-07-03,5,time_exit,-0.022002200220022004,-0.026102200220022003,B
2025-07-04,214430,방산,0.6134845897176815,93300.0,103800.0,2025-07-14,5,time_exit,0.11254019292604502,0.10844019292604501,B
2025-07-15,005387,자동차,0.6485810232951392,164100.0,171500.0,2025-07-23,5,time_exit,0.04509445460085314,0.04099445460085314,B
2025-07-24,005385,자동차,0.7622031724381954,163400.0,159100.0,2025-08-01,5,time_exit,-0.02631578947368421,-0.03041578947368421,B
2025-08-04,036570,게임,0.7519721781592958,199900.0,223000.0,2025-08-12,5,time_exit,0.11555777888944473,0.11145777888944472,B
2025-08-13,361390,방산,0.5894917528852719,16820.0,15979.0,2025-08-19,2,stop_loss,-0.05,-0.0541,B
2025-08-25,389140,엔터,0.7219803840622789,12707.0,12772.0,2025-09-02,5,time_exit,0.00511529078460691,0.0010152907846069101,B
2025-09-03,079550,방산,0.7568752176539528,497500.0,472625.0,2025-09-09,3,stop_loss,-0.05,-0.0541,B
2025-09-11,329180,조선,0.6966047765132521,513000.0,493000.0,2025-09-19,5,time_exit,-0.03898635477582846,-0.04308635477582846,B
2025-09-22,005380,자동차,0.6115839361251234,217500.0,215000.0,2025-09-30,5,time_exit,-0.011494252873563218,-0.015594252873563218,B
2025-10-10,226590,반도체,0.5967393028748853,17520.0,16644.0,2025-10-13,0,stop_loss,-0.05,-0.0541,B
2025-10-14,036570,게임,0.6560916359041304,209500.0,199025.0,2025-10-20,3,stop_loss,-0.05,-0.0541,B
2025-10-21,183300,반도체,0.583141888945966,118100.0,112195.0,2025-10-29,5,stop_loss,-0.05,-0.0541,B
2025-10-30,047810,방산,0.7466030526349698,104500.0,99275.0,2025-11-05,3,stop_loss,-0.05,-0.0541,B
2025-11-06,290560,소프트웨어,0.6733701605656123,1266.0,1302.0,2025-11-14,5,time_exit,0.02843601895734597,0.02433601895734597,B
2025-11-17,194480,게임,0.690764706477324,33800.0,32110.0,2025-11-19,1,stop_loss,-0.05,-0.0541,B
2025-11-20,484870,방산,0.6696370000963915,146500.0,139175.0,2025-11-21,0,stop_loss,-0.05,-0.0541,B
2025-11-24,194480,게임,0.7783583328105401,30650.0,32950.0,2025-12-02,5,time_exit,0.07504078303425775,0.07094078303425774,B
2025-12-03,272210,방산,0.6317111838441124,46900.0,48050.0,2025-12-11,5,time_exit,0.024520255863539446,0.020420255863539447,B
2025-12-12,443060,조선,0.6804425572580993,201000.0,190950.0,2025-12-16,1,stop_loss,-0.05,-0.0541,B
2025-12-17,443060,조선,0.7808075104772434,185500.0,191900.0,2025-12-26,5,time_exit,0.03450134770889488,0.030401347708894882,B
2025-12-29,381970,자동차,0.706743445920247,16030.0,15228.5,2026-01-07,4,stop_loss,-0.05,-0.0541,B
2026-01-08,099320,방산,0.5621196579105264,105600.0,117500.0,2026-01-16,5,time_exit,0.11268939393939394,0.10858939393939393,B
2026-01-19,443060,조선,0.6368751822967184,187600.0,186800.0,2026-01-27,5,time_exit,-0.0042643923240938165,-0.008364392324093816,B
2026-01-28,329180,조선,0.5642177119017188,584000.0,554800.0,2026-02-02,2,stop_loss,-0.05,-0.0541,B
2026-02-03,060590,제약,0.686066819705903,4200.0,3990.0,2026-02-06,2,stop_loss,-0.05,-0.0541,B
2026-02-09,443060,조선,0.5692255593171949,168800.0,177300.0,2026-02-20,5,time_exit,0.050355450236966824,0.046255450236966825,B
2026-02-23,049470,소프트웨어,0.6651027683628367,697.0,662.15,2026-02-24,0,stop_loss,-0.05000000000000003,-0.05410000000000003,B
2026-02-25,099320,방산,0.6018754937954883,182000.0,172900.0,2026-03-04,3,stop_loss,-0.05,-0.0541,B
2026-03-05,005387,자동차,0.8871252497458282,262000.0,248900.0,2026-03-09,1,stop_loss,-0.05,-0.0541,B
2026-03-10,287840,제약,0.7838510785198114,46550.0,49400.0,2026-03-18,5,time_exit,0.061224489795918366,0.057124489795918366,B
2026-03-19,0008Z0,조선,0.6323356963818418,30150.0,28642.5,2026-03-23,1,stop_loss,-0.05,-0.0541,B
2026-03-24,005387,자동차,0.8645272091487557,255000.0,242250.0,2026-03-30,3,stop_loss,-0.05,-0.0541,B
2026-03-31,462350,방산,0.6673662129419583,13839.0,15382.0,2026-04-08,5,time_exit,0.11149649541151817,0.10739649541151816,B
2026-04-09,352820,엔터,0.7188386754365472,256500.0,262500.0,2026-04-17,5,time_exit,0.023391812865497075,0.019291812865497075,B
2026-04-20,041510,엔터,0.6578950620330413,93800.0,96100.0,2026-04-28,5,time_exit,0.024520255863539446,0.020420255863539447,B
2026-04-29,0015G0,방산,0.561901647832592,33200.0,31540.0,2026-05-08,4,stop_loss,-0.05,-0.0541,B
